0,1,2,3,4,5,6
ID операции,Дата,ID машины,ID дилера,Количество,Тип операции,
1,01.01.18,32,Д5,51,Поступило дилеру,
2,02.01.18,43,Д9,45,Поступило дилеру,
3,03.01.18,41,Д15,42,Отдано покупателю,
4,04.01.18,59,Д9,44,Поступило дилеру,
5,05.01.18,39,Д16,24,Отдано покупателю,
6,06.01.18,39,Д6,51,Поступило дилеру,
7,07.01.18,33,Д5,21,Отдано покупателю,
8,08.01.18,1,Д15,52,Поступило дилеру,
9,09.01.18,6,Д5,27,Поступило дилеру,
10,10.01.18,9,Д15,20,Поступило дилеру,
11,11.01.18,39,Д1,41,Отдано покупателю,
12,12.01.18,49,Д2,10,Отдано покупателю,
13,13.01.18,57,Д1,36,Отдано покупателю,
14,14.01.18,4,Д4,34,Отдано покупателю,
15,15.01.18,60,Д10,12,Поступило дилеру,
16,16.01.18,43,Д10,14,Отдано покупателю,
17,17.01.18,46,Д11,15,Отдано покупателю,
18,18.01.18,55,Д15,39,Поступило дилеру,
19,19.01.18,24,Д4,46,Поступило дилеру,
20,20.01.18,27,Д3,7,Поступило дилеру,
21,21.01.18,26,Д11,43,Отдано покупателю,
22,22.01.18,45,Д12,28,Поступило дилеру,
23,23.01.18,58,Д10,5,Поступило дилеру,
24,24.01.18,21,Д9,25,Отдано покупателю,
25,25.01.18,61,Д6,48,Отдано покупателю,
26,26.01.18,51,Д13,52,Отдано покупателю,
27,27.01.18,21,Д1,48,Поступило дилеру,
28,28.01.18,53,Д5,50,Поступило дилеру,
29,29.01.18,19,Д8,30,Отдано покупателю,
30,30.01.18,16,Д14,20,Поступило дилеру,
31,31.01.18,37,Д15,52,Поступило дилеру,
32,01.02.18,15,Д11,22,Поступило дилеру,
33,02.02.18,22,Д8,50,Поступило дилеру,
34,03.02.18,43,Д1,21,Поступило дилеру,
35,04.02.18,15,Д11,22,Поступило дилеру,
36,05.02.18,39,Д12,34,Отдано покупателю,
37,06.02.18,1,Д3,4,Поступило дилеру,
38,07.02.18,39,Д4,16,Поступило дилеру,
39,08.02.18,4,Д1,9,Поступило дилеру,
40,09.02.18,8,Д3,10,Поступило дилеру,
41,10.02.18,55,Д8,2,Поступило дилеру,
42,11.02.18,11,Д16,27,Отдано покупателю,
43,12.02.18,34,Д12,4,Поступило дилеру,
44,13.02.18,45,Д11,18,Отдано покупателю,
45,14.02.18,31,Д2,18,Поступило дилеру,
46,15.02.18,8,Д1,16,Поступило дилеру,
47,16.02.18,11,Д8,15,Поступило дилеру,
48,17.02.18,36,Д4,26,Поступило дилеру,
49,18.02.18,21,Д7,8,Отдано покупателю,
50,19.02.18,31,Д8,50,Поступило дилеру,
51,20.02.18,44,Д11,23,Поступило дилеру,
52,21.02.18,47,Д15,43,Отдано покупателю,
53,22.02.18,44,Д4,54,Поступило дилеру,
54,23.02.18,15,Д15,57,Поступило дилеру,
55,24.02.18,31,Д14,12,Отдано покупателю,
56,25.02.18,62,Д2,17,Поступило дилеру,
57,26.02.18,37,Д8,42,Поступило дилеру,
58,27.02.18,55,Д10,19,Поступило дилеру,
59,28.02.18,57,Д14,19,Поступило дилеру,
60,01.03.18,21,Д15,23,Поступило дилеру,
61,02.03.18,55,Д4,60,Отдано покупателю,
62,03.03.18,10,Д8,24,Поступило дилеру,
63,04.03.18,56,Д5,36,Отдано покупателю,
64,05.03.18,5,Д1,27,Отдано покупателю,
65,06.03.18,45,Д12,31,Поступило дилеру,
66,07.03.18,25,Д12,10,Поступило дилеру,
67,08.03.18,43,Д9,19,Отдано покупателю,
68,09.03.18,32,Д1,28,Поступило дилеру,
69,10.03.18,12,Д13,7,Отдано покупателю,
70,11.03.18,63,Д4,37,Поступило дилеру,
71,12.03.18,43,Д6,5,Поступило дилеру,
72,13.03.18,10,Д9,57,Отдано покупателю,
73,14.03.18,17,Д5,1,Отдано покупателю,
74,15.03.18,26,Д5,37,Отдано покупателю,
75,16.03.18,47,Д10,17,Отдано покупателю,
76,17.03.18,64,Д5,33,Отдано покупателю,
77,18.03.18,55,Д11,34,Поступило дилеру,
78,19.03.18,13,Д13,25,Поступило дилеру,
79,20.03.18,57,Д15,33,Отдано покупателю,
80,21.03.18,1,Д1,45,Отдано покупателю,
81,22.03.18,43,Д10,55,Отдано покупателю,
82,23.03.18,58,Д9,16,Поступило дилеру,
83,24.03.18,40,Д10,37,Отдано покупателю,
84,25.03.18,18,Д11,13,Отдано покупателю,
85,26.03.18,53,Д16,59,Отдано покупателю,
86,27.03.18,42,Д1,28,Отдано покупателю,
87,28.03.18,20,Д2,47,Поступило дилеру,
88,29.03.18,22,Д3,45,Отдано покупателю,
89,30.03.18,43,Д7,7,Отдано покупателю,
90,31.03.18,8,Д8,31,Поступило дилеру,
91,01.04.18,58,Д15,47,Поступило дилеру,
92,02.04.18,22,Д10,31,Поступило дилеру,
93,03.04.18,55,Д11,3,Поступило дилеру,
94,04.04.18,12,Д4,48,Поступило дилеру,
95,05.04.18,29,Д6,60,Поступило дилеру,
96,06.04.18,40,Д12,27,Поступило дилеру,
97,07.04.18,25,Д16,41,Отдано покупателю,
98,08.04.18,30,Д15,21,Поступило дилеру,
99,09.04.18,46,Д14,36,Поступило дилеру,
100,10.04.18,58,Д3,47,Поступило дилеру,
101,11.04.18,10,Д14,23,Отдано покупателю,
102,12.04.18,34,Д5,26,Поступило дилеру,
103,13.04.18,8,Д1,1,Отдано покупателю,
104,14.04.18,35,Д6,44,Отдано покупателю,
105,15.04.18,27,Д13,26,Отдано покупателю,
106,16.04.18,12,Д9,17,Поступило дилеру,
107,17.04.18,18,Д5,53,Отдано покупателю,
108,18.04.18,13,Д15,24,Поступило дилеру,
109,19.04.18,27,Д7,10,Отдано покупателю,
110,20.04.18,41,Д13,41,Отдано покупателю,
111,21.04.18,50,Д11,18,Поступило дилеру,
112,22.04.18,39,Д15,19,Отдано покупателю,
113,23.04.18,7,Д3,58,Поступило дилеру,
114,24.04.18,64,Д4,41,Отдано покупателю,
115,25.04.18,41,Д8,35,Отдано покупателю,
116,26.04.18,41,Д10,35,Отдано покупателю,
117,27.04.18,45,Д16,46,Поступило дилеру,
118,28.04.18,3,Д1,44,Поступило дилеру,
119,29.04.18,45,Д7,37,Отдано покупателю,
120,30.04.18,1,Д9,19,Отдано покупателю,
121,01.05.18,37,Д9,14,Отдано покупателю,
122,02.05.18,22,Д11,28,Поступило дилеру,
123,03.05.18,5,Д13,6,Поступило дилеру,
124,04.05.18,13,Д1,40,Отдано покупателю,
125,05.05.18,6,Д3,4,Отдано покупателю,
126,06.05.18,25,Д8,6,Отдано покупателю,
127,07.05.18,2,Д8,2,Отдано покупателю,
128,08.05.18,3,Д4,13,Поступило дилеру,
129,09.05.18,36,Д11,35,Поступило дилеру,
130,10.05.18,11,Д15,34,Отдано покупателю,
131,11.05.18,63,Д4,2,Поступило дилеру,
132,12.05.18,46,Д15,17,Отдано покупателю,
133,13.05.18,22,Д10,24,Отдано покупателю,
134,14.05.18,54,Д11,49,Отдано покупателю,
135,15.05.18,26,Д4,2,Поступило дилеру,
136,16.05.18,47,Д6,44,Отдано покупателю,
137,17.05.18,31,Д8,25,Поступило дилеру,
138,18.05.18,6,Д3,51,Отдано покупателю,
139,19.05.18,9,Д15,41,Отдано покупателю,
140,20.05.18,31,Д4,2,Отдано покупателю,
141,21.05.18,14,Д12,51,Поступило дилеру,
142,22.05.18,49,Д5,7,Поступило дилеру,
143,23.05.18,20,Д3,40,Отдано покупателю,
144,24.05.18,41,Д7,35,Поступило дилеру,
145,25.05.18,1,Д8,19,Поступило дилеру,
146,26.05.18,30,Д6,13,Поступило дилеру,
147,27.05.18,39,Д12,57,Поступило дилеру,
148,28.05.18,63,Д15,12,Отдано покупателю,
149,29.05.18,15,Д10,27,Поступило дилеру,
150,30.05.18,62,Д11,45,Отдано покупателю,
151,31.05.18,39,Д5,27,Поступило дилеру,
152,01.06.18,42,Д6,2,Отдано покупателю,
153,02.06.18,50,Д12,19,Поступило дилеру,
154,03.06.18,30,Д4,17,Поступило дилеру,
155,04.06.18,44,Д1,24,Поступило дилеру,
156,05.06.18,40,Д15,28,Поступило дилеру,
157,06.06.18,50,Д16,33,Поступило дилеру,
158,07.06.18,15,Д5,2,Поступило дилеру,
159,08.06.18,53,Д5,26,Отдано покупателю,
160,09.06.18,64,Д8,19,Поступило дилеру,
161,10.06.18,49,Д4,14,Отдано покупателю,
162,11.06.18,58,Д15,49,Отдано покупателю,
163,12.06.18,40,Д3,40,Поступило дилеру,
164,13.06.18,40,Д11,46,Отдано покупателю,
165,14.06.18,7,Д5,46,Отдано покупателю,
166,15.06.18,25,Д15,26,Отдано покупателю,
167,16.06.18,53,Д3,40,Отдано покупателю,
168,17.06.18,32,Д9,21,Отдано покупателю,
169,18.06.18,57,Д14,26,Отдано покупателю,
170,19.06.18,48,Д6,1,Поступило дилеру,
171,20.06.18,27,Д10,21,Отдано покупателю,
172,21.06.18,36,Д10,41,Отдано покупателю,
173,22.06.18,22,Д4,10,Поступило дилеру,
174,23.06.18,25,Д7,9,Поступило дилеру,
175,24.06.18,54,Д2,17,Отдано покупателю,
176,25.06.18,15,Д7,14,Поступило дилеру,
177,26.06.18,54,Д5,20,Поступило дилеру,
178,27.06.18,16,Д1,40,Отдано покупателю,
179,28.06.18,34,Д12,41,Поступило дилеру,
180,29.06.18,20,Д7,42,Поступило дилеру,
181,30.06.18,11,Д10,32,Поступило дилеру,
182,01.07.18,5,Д10,25,Поступило дилеру,
183,02.07.18,2,Д13,36,Поступило дилеру,
184,03.07.18,8,Д4,16,Поступило дилеру,
185,04.07.18,24,Д12,18,Поступило дилеру,
186,05.07.18,27,Д3,35,Поступило дилеру,
187,06.07.18,3,Д12,60,Поступило дилеру,
188,07.07.18,61,Д13,36,Отдано покупателю,
189,08.07.18,63,Д8,35,Поступило дилеру,
190,09.07.18,61,Д9,26,Поступило дилеру,
191,10.07.18,53,Д10,20,Отдано покупателю,
192,11.07.18,40,Д13,17,Поступило дилеру,
193,12.07.18,27,Д6,53,Поступило дилеру,
194,13.07.18,14,Д4,18,Отдано покупателю,
195,14.07.18,12,Д3,39,Отдано покупателю,
196,15.07.18,43,Д9,32,Отдано покупателю,
197,16.07.18,36,Д4,49,Поступило дилеру,
198,17.07.18,55,Д2,11,Поступило дилеру,
199,18.07.18,48,Д2,25,Поступило дилеру,
200,19.07.18,19,Д3,41,Отдано покупателю,
201,20.07.18,38,Д14,13,Отдано покупателю,
202,21.07.18,57,Д15,53,Поступило дилеру,
203,22.07.18,56,Д5,51,Отдано покупателю,
204,23.07.18,31,Д9,14,Отдано покупателю,
205,24.07.18,20,Д15,44,Отдано покупателю,
206,25.07.18,17,Д3,40,Поступило дилеру,
207,26.07.18,22,Д6,53,Отдано покупателю,
208,27.07.18,2,Д3,51,Поступило дилеру,
209,28.07.18,33,Д5,10,Отдано покупателю,
210,29.07.18,21,Д2,38,Поступило дилеру,
211,30.07.18,25,Д15,39,Отдано покупателю,
212,31.07.18,62,Д1,40,Отдано покупателю,
213,01.08.18,17,Д4,55,Поступило дилеру,
214,02.08.18,58,Д8,3,Отдано покупателю,
215,03.08.18,58,Д11,24,Поступило дилеру,
216,04.08.18,63,Д7,24,Отдано покупателю,
217,05.08.18,35,Д9,58,Отдано покупателю,
218,06.08.18,5,Д15,21,Поступило дилеру,
219,07.08.18,60,Д14,35,Поступило дилеру,
220,08.08.18,21,Д10,35,Поступило дилеру,
221,09.08.18,22,Д2,3,Отдано покупателю,
222,10.08.18,63,Д12,55,Поступило дилеру,
223,11.08.18,11,Д1,21,Поступило дилеру,
224,12.08.18,58,Д11,60,Отдано покупателю,
225,13.08.18,10,Д4,11,Поступило дилеру,
226,14.08.18,9,Д9,39,Поступило дилеру,
227,15.08.18,31,Д4,20,Поступило дилеру,
228,16.08.18,40,Д11,20,Отдано покупателю,
229,17.08.18,50,Д6,33,Отдано покупателю,
230,18.08.18,32,Д13,9,Поступило дилеру,
231,19.08.18,21,Д11,4,Отдано покупателю,
232,20.08.18,25,Д14,29,Поступило дилеру,
233,21.08.18,40,Д5,54,Поступило дилеру,
234,22.08.18,33,Д10,22,Отдано покупателю,
235,23.08.18,41,Д10,23,Отдано покупателю,
236,24.08.18,1,Д13,7,Отдано покупателю,
237,25.08.18,33,Д15,47,Отдано покупателю,
238,26.08.18,4,Д2,44,Отдано покупателю,
239,27.08.18,50,Д14,37,Отдано покупателю,
240,28.08.18,6,Д12,14,Отдано покупателю,
241,29.08.18,31,Д13,39,Отдано покупателю,
242,30.08.18,46,Д13,56,Поступило дилеру,
243,31.08.18,15,Д15,23,Поступило дилеру,
244,01.09.18,50,Д12,59,Отдано покупателю,
245,02.09.18,60,Д11,46,Отдано покупателю,
246,03.09.18,12,Д5,48,Отдано покупателю,
247,04.09.18,38,Д14,3,Отдано покупателю,
248,05.09.18,53,Д11,50,Поступило дилеру,
249,06.09.18,18,Д14,41,Отдано покупателю,
250,07.09.18,59,Д6,14,Поступило дилеру,
251,08.09.18,37,Д10,36,Поступило дилеру,
252,09.09.18,1,Д3,24,Поступило дилеру,
253,10.09.18,11,Д3,39,Поступило дилеру,
254,11.09.18,60,Д7,2,Отдано покупателю,
255,12.09.18,47,Д16,14,Поступило дилеру,
256,13.09.18,36,Д8,31,Поступило дилеру,
257,14.09.18,43,Д11,8,Отдано покупателю,
258,15.09.18,48,Д14,49,Поступило дилеру,
259,16.09.18,25,Д5,17,Поступило дилеру,
260,17.09.18,30,Д1,13,Отдано покупателю,
261,18.09.18,12,Д1,27,Поступило дилеру,
262,19.09.18,57,Д7,40,Отдано покупателю,
263,20.09.18,23,Д7,34,Отдано покупателю,
264,21.09.18,51,Д16,51,Отдано покупателю,
265,22.09.18,2,Д3,14,Отдано покупателю,
266,23.09.18,36,Д2,17,Поступило дилеру,
267,24.09.18,34,Д9,49,Отдано покупателю,
268,25.09.18,47,Д7,51,Поступило дилеру,
269,26.09.18,28,Д7,18,Поступило дилеру,
270,27.09.18,45,Д4,49,Поступило дилеру,
271,28.09.18,54,Д9,37,Отдано покупателю,
272,29.09.18,2,Д10,42,Отдано покупателю,
273,30.09.18,4,Д3,49,Отдано покупателю,
274,01.10.18,51,Д8,38,Отдано покупателю,
275,02.10.18,55,Д12,47,Поступило дилеру,
276,03.10.18,10,Д10,58,Поступило дилеру,
277,04.10.18,25,Д12,2,Поступило дилеру,
278,05.10.18,16,Д14,54,Поступило дилеру,
279,06.10.18,43,Д1,43,Поступило дилеру,
280,07.10.18,63,Д9,3,Отдано покупателю,
281,08.10.18,8,Д13,7,Поступило дилеру,
282,09.10.18,24,Д7,27,Отдано покупателю,
283,10.10.18,2,Д7,10,Поступило дилеру,
284,11.10.18,50,Д1,43,Отдано покупателю,
285,12.10.18,56,Д14,9,Отдано покупателю,
286,13.10.18,45,Д13,60,Поступило дилеру,
287,14.10.18,19,Д16,7,Поступило дилеру,
288,15.10.18,58,Д16,13,Поступило дилеру,
289,16.10.18,22,Д13,45,Отдано покупателю,
290,17.10.18,45,Д8,4,Поступило дилеру,
291,18.10.18,30,Д16,47,Отдано покупателю,
292,19.10.18,43,Д1,29,Отдано покупателю,
293,20.10.18,1,Д12,24,Поступило дилеру,
294,21.10.18,24,Д2,24,Отдано покупателю,
295,22.10.18,54,Д4,5,Поступило дилеру,
296,23.10.18,30,Д12,2,Поступило дилеру,
297,24.10.18,31,Д11,42,Отдано покупателю,
298,25.10.18,32,Д1,12,Поступило дилеру,
299,26.10.18,53,Д1,24,Отдано покупателю,
300,27.10.18,17,Д1,30,Отдано покупателю,
301,28.10.18,39,Д10,18,Поступило дилеру,
302,29.10.18,56,Д4,15,Поступило дилеру,
303,30.10.18,51,Д8,38,Отдано покупателю,
304,31.10.18,43,Д11,11,Отдано покупателю,
305,01.11.18,6,Д9,30,Отдано покупателю,
306,02.11.18,39,Д5,49,Поступило дилеру,
307,03.11.18,49,Д16,19,Отдано покупателю,
308,04.11.18,8,Д10,30,Поступило дилеру,
309,05.11.18,27,Д12,30,Поступило дилеру,
310,06.11.18,38,Д11,19,Поступило дилеру,
311,07.11.18,11,Д5,26,Поступило дилеру,
312,08.11.18,10,Д12,27,Отдано покупателю,
313,09.11.18,4,Д6,17,Поступило дилеру,
314,10.11.18,64,Д7,6,Поступило дилеру,
315,11.11.18,25,Д2,28,Отдано покупателю,
316,12.11.18,53,Д8,6,Поступило дилеру,
317,13.11.18,47,Д9,14,Поступило дилеру,
318,14.11.18,19,Д6,38,Поступило дилеру,
319,15.11.18,21,Д7,27,Поступило дилеру,
320,16.11.18,61,Д3,17,Поступило дилеру,
321,17.11.18,53,Д15,19,Отдано покупателю,
322,18.11.18,4,Д14,23,Поступило дилеру,
323,19.11.18,43,Д4,31,Поступило дилеру,
324,20.11.18,25,Д16,31,Поступило дилеру,
325,21.11.18,8,Д13,51,Отдано покупателю,
326,22.11.18,14,Д15,15,Поступило дилеру,
327,23.11.18,2,Д3,2,Поступило дилеру,
328,24.11.18,25,Д1,18,Отдано покупателю,
329,25.11.18,23,Д1,59,Отдано покупателю,
330,26.11.18,18,Д10,53,Отдано покупателю,
331,27.11.18,17,Д9,34,Отдано покупателю,
332,28.11.18,11,Д16,55,Поступило дилеру,
333,29.11.18,10,Д13,40,Поступило дилеру,
334,30.11.18,6,Д3,22,Отдано покупателю,
335,01.12.18,58,Д6,15,Отдано покупателю,
336,02.12.18,22,Д1,44,Поступило дилеру,
337,03.12.18,25,Д9,53,Отдано покупателю,
338,04.12.18,63,Д13,6,Отдано покупателю,
339,05.12.18,17,Д3,46,Поступило дилеру,
340,06.12.18,11,Д9,29,Поступило дилеру,
341,07.12.18,44,Д1,10,Поступило дилеру,
342,08.12.18,63,Д6,29,Отдано покупателю,
343,09.12.18,32,Д8,1,Отдано покупателю,
344,10.12.18,11,Д4,27,Поступило дилеру,
345,11.12.18,13,Д3,32,Поступило дилеру,
346,12.12.18,48,Д2,57,Поступило дилеру,
347,13.12.18,8,Д1,45,Поступило дилеру,
348,14.12.18,37,Д7,24,Поступило дилеру,
349,15.12.18,33,Д12,59,Отдано покупателю,
350,16.12.18,41,Д15,41,Отдано покупателю,
351,17.12.18,41,Д1,13,Поступило дилеру,
352,18.12.18,64,Д14,26,Поступило дилеру,
353,19.12.18,17,Д2,28,Поступило дилеру,
354,20.12.18,38,Д4,22,Отдано покупателю,
355,21.12.18,20,Д6,47,Поступило дилеру,
356,22.12.18,35,Д14,36,Отдано покупателю,
357,23.12.18,25,Д5,41,Отдано покупателю,
358,24.12.18,23,Д1,35,Поступило дилеру,
359,25.12.18,60,Д3,21,Отдано покупателю,
360,26.12.18,52,Д3,21,Отдано покупателю,
361,27.12.18,27,Д11,27,Поступило дилеру,
362,28.12.18,41,Д7,54,Отдано покупателю,
363,29.12.18,6,Д4,11,Отдано покупателю,
364,30.12.18,62,Д6,24,Отдано покупателю,
365,31.12.18,21,Д9,38,Отдано покупателю,
366,01.01.19,31,Д3,53,Отдано покупателю,
367,02.01.19,4,Д6,47,Поступило дилеру,
368,03.01.19,33,Д12,45,Отдано покупателю,
369,04.01.19,59,Д14,34,Отдано покупателю,
370,05.01.19,31,Д5,34,Поступило дилеру,
371,06.01.19,4,Д8,39,Поступило дилеру,
372,07.01.19,32,Д12,25,Поступило дилеру,
373,08.01.19,25,Д3,55,Поступило дилеру,
374,09.01.19,63,Д16,51,Поступило дилеру,
375,10.01.19,37,Д8,14,Отдано покупателю,
376,11.01.19,57,Д9,26,Поступило дилеру,
377,12.01.19,31,Д15,42,Поступило дилеру,
378,13.01.19,29,Д4,12,Поступило дилеру,
379,14.01.19,60,Д9,44,Поступило дилеру,
380,15.01.19,60,Д3,42,Отдано покупателю,
381,16.01.19,57,Д1,58,Поступило дилеру,
382,17.01.19,12,Д10,11,Поступило дилеру,
383,18.01.19,40,Д1,40,Отдано покупателю,
384,19.01.19,49,Д2,29,Поступило дилеру,
385,20.01.19,60,Д3,36,Поступило дилеру,
386,21.01.19,32,Д14,32,Отдано покупателю,
387,22.01.19,61,Д1,60,Поступило дилеру,
388,23.01.19,4,Д16,41,Поступило дилеру,
389,24.01.19,46,Д10,54,Отдано покупателю,
390,25.01.19,4,Д4,44,Отдано покупателю,
391,26.01.19,29,Д14,43,Отдано покупателю,
392,27.01.19,15,Д8,31,Поступило дилеру,
393,28.01.19,7,Д2,28,Поступило дилеру,
394,29.01.19,38,Д8,39,Поступило дилеру,
395,30.01.19,17,Д5,22,Отдано покупателю,
396,31.01.19,29,Д1,32,Отдано покупателю,
397,01.02.19,59,Д4,14,Отдано покупателю,
398,02.02.19,36,Д6,59,Поступило дилеру,
399,03.02.19,59,Д8,26,Отдано покупателю,
400,04.02.19,43,Д9,7,Поступило дилеру,
401,05.02.19,23,Д8,42,Поступило дилеру,
402,06.02.19,47,Д14,5,Поступило дилеру,
403,07.02.19,2,Д2,44,Отдано покупателю,
404,08.02.19,41,Д8,60,Поступило дилеру,
405,09.02.19,55,Д14,4,Отдано покупателю,
406,10.02.19,11,Д11,21,Отдано покупателю,
407,11.02.19,14,Д12,37,Поступило дилеру,
408,12.02.19,58,Д3,23,Поступило дилеру,
409,13.02.19,60,Д10,49,Поступило дилеру,
410,14.02.19,59,Д16,47,Отдано покупателю,
411,15.02.19,42,Д5,43,Поступило дилеру,
412,16.02.19,40,Д6,15,Отдано покупателю,
413,17.02.19,6,Д1,24,Отдано покупателю,
414,18.02.19,26,Д10,57,Отдано покупателю,
415,19.02.19,18,Д7,39,Поступило дилеру,
416,20.02.19,28,Д5,34,Отдано покупателю,
417,21.02.19,24,Д2,5,Поступило дилеру,
418,22.02.19,10,Д8,6,Отдано покупателю,
419,23.02.19,30,Д9,36,Поступило дилеру,
420,24.02.19,40,Д13,8,Поступило дилеру,
421,25.02.19,25,Д13,45,Поступило дилеру,
422,26.02.19,9,Д6,60,Поступило дилеру,
423,27.02.19,49,Д3,18,Отдано покупателю,
424,28.02.19,2,Д3,48,Отдано покупателю,
425,01.03.19,2,Д2,15,Поступило дилеру,
426,02.03.19,57,Д8,35,Поступило дилеру,
427,03.03.19,22,Д12,46,Поступило дилеру,
428,04.03.19,6,Д12,18,Отдано покупателю,
429,05.03.19,2,Д2,31,Отдано покупателю,
430,06.03.19,47,Д6,1,Отдано покупателю,
431,07.03.19,40,Д7,17,Отдано покупателю,
432,08.03.19,16,Д1,59,Поступило дилеру,
433,09.03.19,50,Д10,9,Поступило дилеру,
434,10.03.19,21,Д8,57,Поступило дилеру,
435,11.03.19,7,Д16,17,Отдано покупателю,
436,12.03.19,18,Д11,14,Поступило дилеру,
437,13.03.19,52,Д8,60,Поступило дилеру,
438,14.03.19,33,Д5,47,Отдано покупателю,
439,15.03.19,57,Д7,57,Поступило дилеру,
440,16.03.19,28,Д15,38,Поступило дилеру,
441,17.03.19,30,Д11,31,Поступило дилеру,
442,18.03.19,41,Д16,2,Поступило дилеру,
443,19.03.19,57,Д4,17,Поступило дилеру,
444,20.03.19,24,Д10,15,Отдано покупателю,
445,21.03.19,1,Д11,56,Отдано покупателю,
446,22.03.19,30,Д11,41,Поступило дилеру,
447,23.03.19,45,Д11,17,Поступило дилеру,
448,24.03.19,53,Д14,10,Поступило дилеру,
449,25.03.19,25,Д12,42,Поступило дилеру,
450,26.03.19,53,Д15,16,Поступило дилеру,
451,27.03.19,40,Д1,44,Отдано покупателю,
452,28.03.19,55,Д1,49,Поступило дилеру,
453,29.03.19,27,Д8,7,Поступило дилеру,
454,30.03.19,20,Д12,51,Отдано покупателю,
455,31.03.19,21,Д10,8,Поступило дилеру,
456,01.04.19,8,Д2,50,Отдано покупателю,
457,02.04.19,25,Д4,26,Отдано покупателю,
458,03.04.19,62,Д1,11,Отдано покупателю,
459,04.04.19,27,Д7,45,Отдано покупателю,
460,05.04.19,53,Д1,26,Отдано покупателю,
461,06.04.19,12,Д2,38,Поступило дилеру,
462,07.04.19,12,Д8,37,Отдано покупателю,
463,08.04.19,28,Д10,4,Поступило дилеру,
464,09.04.19,39,Д10,53,Отдано покупателю,
465,10.04.19,63,Д7,48,Отдано покупателю,
466,11.04.19,20,Д3,17,Отдано покупателю,
467,12.04.19,22,Д2,19,Отдано покупателю,
468,13.04.19,64,Д8,34,Поступило дилеру,
469,14.04.19,22,Д1,11,Поступило дилеру,
470,15.04.19,27,Д9,10,Отдано покупателю,
471,16.04.19,36,Д12,26,Отдано покупателю,
472,17.04.19,47,Д14,30,Поступило дилеру,
473,18.04.19,25,Д12,38,Поступило дилеру,
474,19.04.19,21,Д3,58,Поступило дилеру,
475,20.04.19,22,Д1,37,Отдано покупателю,
476,21.04.19,52,Д2,10,Отдано покупателю,
477,22.04.19,15,Д5,17,Отдано покупателю,
478,23.04.19,53,Д15,39,Отдано покупателю,
479,24.04.19,8,Д16,13,Отдано покупателю,
480,25.04.19,60,Д11,16,Отдано покупателю,
481,26.04.19,21,Д15,35,Поступило дилеру,
482,27.04.19,26,Д15,46,Поступило дилеру,
483,28.04.19,12,Д15,37,Поступило дилеру,
484,29.04.19,58,Д13,44,Поступило дилеру,
485,30.04.19,11,Д16,34,Отдано покупателю,
486,01.05.19,45,Д7,55,Поступило дилеру,
487,02.05.19,45,Д15,30,Отдано покупателю,
488,03.05.19,3,Д7,34,Поступило дилеру,
489,04.05.19,17,Д12,56,Поступило дилеру,
490,05.05.19,16,Д12,6,Отдано покупателю,
491,06.05.19,39,Д13,12,Поступило дилеру,
492,07.05.19,52,Д11,44,Отдано покупателю,
493,08.05.19,42,Д10,37,Отдано покупателю,
494,09.05.19,7,Д13,1,Поступило дилеру,
495,10.05.19,47,Д14,56,Отдано покупателю,
496,11.05.19,56,Д1,14,Поступило дилеру,
497,12.05.19,15,Д13,53,Поступило дилеру,
498,13.05.19,41,Д8,25,Поступило дилеру,
499,14.05.19,57,Д2,34,Поступило дилеру,
500,15.05.19,38,Д11,28,Отдано покупателю,
501,16.05.19,4,Д14,30,Поступило дилеру,
502,17.05.19,35,Д11,59,Поступило дилеру,
503,18.05.19,50,Д7,34,Отдано покупателю,
504,19.05.19,50,Д3,32,Отдано покупателю,
505,20.05.19,64,Д14,11,Поступило дилеру,
506,21.05.19,46,Д9,24,Поступило дилеру,
507,22.05.19,38,Д1,11,Поступило дилеру,
508,23.05.19,12,Д12,59,Поступило дилеру,
509,24.05.19,14,Д8,60,Поступило дилеру,
510,25.05.19,41,Д3,20,Поступило дилеру,
511,26.05.19,21,Д4,39,Поступило дилеру,
512,27.05.19,31,Д12,47,Поступило дилеру,
513,28.05.19,55,Д14,56,Отдано покупателю,
514,29.05.19,7,Д2,45,Поступило дилеру,
515,30.05.19,34,Д2,32,Поступило дилеру,
516,31.05.19,15,Д10,16,Поступило дилеру,
517,01.06.19,54,Д4,46,Поступило дилеру,
518,02.06.19,41,Д1,10,Поступило дилеру,
519,03.06.19,31,Д15,59,Поступило дилеру,
520,04.06.19,52,Д13,37,Отдано покупателю,
521,05.06.19,38,Д15,56,Поступило дилеру,
522,06.06.19,36,Д15,60,Отдано покупателю,
523,07.06.19,26,Д15,10,Отдано покупателю,
524,08.06.19,30,Д7,55,Отдано покупателю,
525,09.06.19,37,Д14,9,Поступило дилеру,
526,10.06.19,17,Д2,33,Отдано покупателю,
527,11.06.19,50,Д16,47,Поступило дилеру,
528,12.06.19,24,Д7,34,Отдано покупателю,
529,13.06.19,56,Д12,23,Поступило дилеру,
530,14.06.19,19,Д2,13,Отдано покупателю,
531,15.06.19,58,Д15,52,Отдано покупателю,
532,16.06.19,5,Д3,35,Отдано покупателю,
533,17.06.19,22,Д3,34,Поступило дилеру,
534,18.06.19,12,Д7,48,Поступило дилеру,
535,19.06.19,64,Д4,11,Поступило дилеру,
536,20.06.19,26,Д12,35,Поступило дилеру,
537,21.06.19,5,Д12,20,Отдано покупателю,
538,22.06.19,41,Д13,47,Отдано покупателю,
539,23.06.19,13,Д10,16,Поступило дилеру,
540,24.06.19,14,Д2,16,Поступило дилеру,
541,25.06.19,40,Д1,2,Поступило дилеру,
542,26.06.19,48,Д14,41,Поступило дилеру,
543,27.06.19,8,Д8,59,Отдано покупателю,
544,28.06.19,31,Д9,18,Поступило дилеру,
545,29.06.19,10,Д2,27,Отдано покупателю,
546,30.06.19,58,Д7,37,Поступило дилеру,
547,01.07.19,3,Д9,33,Поступило дилеру,
548,02.07.19,15,Д14,12,Поступило дилеру,
549,03.07.19,14,Д2,16,Отдано покупателю,
550,04.07.19,16,Д1,27,Отдано покупателю,
551,05.07.19,9,Д13,59,Поступило дилеру,
552,06.07.19,23,Д1,49,Отдано покупателю,
553,07.07.19,11,Д12,37,Поступило дилеру,
554,08.07.19,55,Д11,49,Поступило дилеру,
555,09.07.19,4,Д9,49,Поступило дилеру,
556,10.07.19,20,Д3,7,Поступило дилеру,
557,11.07.19,63,Д9,50,Поступило дилеру,
558,12.07.19,44,Д16,14,Поступило дилеру,
559,13.07.19,21,Д2,32,Отдано покупателю,
560,14.07.19,59,Д2,23,Поступило дилеру,
561,15.07.19,37,Д2,27,Отдано покупателю,
562,16.07.19,43,Д5,58,Поступило дилеру,
563,17.07.19,30,Д6,19,Поступило дилеру,
564,18.07.19,5,Д15,51,Отдано покупателю,
565,19.07.19,7,Д12,15,Поступило дилеру,
566,20.07.19,58,Д8,19,Поступило дилеру,
567,21.07.19,28,Д1,20,Поступило дилеру,
568,22.07.19,62,Д6,37,Отдано покупателю,
569,23.07.19,45,Д5,38,Поступило дилеру,
570,24.07.19,60,Д5,14,Отдано покупателю,
571,25.07.19,46,Д9,25,Поступило дилеру,
572,26.07.19,47,Д13,9,Отдано покупателю,
573,27.07.19,37,Д8,43,Поступило дилеру,
574,28.07.19,19,Д11,55,Поступило дилеру,
575,29.07.19,40,Д1,19,Поступило дилеру,
576,30.07.19,22,Д6,42,Поступило дилеру,
577,31.07.19,59,Д9,40,Отдано покупателю,
578,01.08.19,29,Д8,36,Поступило дилеру,
579,02.08.19,38,Д8,30,Поступило дилеру,
580,03.08.19,45,Д14,31,Поступило дилеру,
581,04.08.19,47,Д3,60,Поступило дилеру,
582,05.08.19,5,Д16,3,Отдано покупателю,
583,06.08.19,26,Д1,49,Отдано покупателю,
584,07.08.19,5,Д5,53,Отдано покупателю,
585,08.08.19,32,Д16,32,Отдано покупателю,
586,09.08.19,56,Д3,41,Отдано покупателю,
587,10.08.19,62,Д1,50,Поступило дилеру,
588,11.08.19,53,Д5,55,Поступило дилеру,
589,12.08.19,46,Д4,36,Отдано покупателю,
590,13.08.19,48,Д5,55,Поступило дилеру,
591,14.08.19,59,Д11,15,Отдано покупателю,
592,15.08.19,59,Д4,41,Поступило дилеру,
593,16.08.19,17,Д10,55,Отдано покупателю,
594,17.08.19,48,Д15,4,Поступило дилеру,
595,18.08.19,23,Д14,21,Поступило дилеру,
596,19.08.19,62,Д15,28,Отдано покупателю,
597,20.08.19,25,Д11,20,Отдано покупателю,
598,21.08.19,59,Д12,56,Поступило дилеру,
599,22.08.19,21,Д6,33,Отдано покупателю,
600,23.08.19,43,Д4,41,Отдано покупателю,
601,24.08.19,29,Д2,46,Отдано покупателю,
602,25.08.19,20,Д1,16,Отдано покупателю,
603,26.08.19,46,Д9,14,Поступило дилеру,
604,27.08.19,40,Д1,44,Поступило дилеру,
605,28.08.19,24,Д3,25,Поступило дилеру,
606,29.08.19,59,Д4,34,Поступило дилеру,
607,30.08.19,4,Д2,9,Поступило дилеру,
608,31.08.19,64,Д14,18,Поступило дилеру,
609,01.09.19,26,Д1,58,Отдано покупателю,
610,02.09.19,8,Д2,30,Отдано покупателю,
611,03.09.19,56,Д6,16,Отдано покупателю,
612,04.09.19,12,Д9,30,Отдано покупателю,
613,05.09.19,36,Д3,43,Поступило дилеру,
614,06.09.19,25,Д11,11,Отдано покупателю,
615,07.09.19,22,Д16,53,Поступило дилеру,
616,08.09.19,15,Д7,14,Поступило дилеру,
617,09.09.19,21,Д15,7,Поступило дилеру,
618,10.09.19,64,Д3,21,Поступило дилеру,
619,11.09.19,61,Д12,56,Отдано покупателю,
620,12.09.19,2,Д12,35,Отдано покупателю,
621,13.09.19,33,Д2,15,Поступило дилеру,
622,14.09.19,21,Д10,21,Отдано покупателю,
623,15.09.19,52,Д10,48,Поступило дилеру,
624,16.09.19,39,Д14,22,Отдано покупателю,
625,17.09.19,14,Д3,27,Поступило дилеру,
626,18.09.19,47,Д15,1,Отдано покупателю,
627,19.09.19,19,Д4,41,Поступило дилеру,
628,20.09.19,52,Д5,10,Поступило дилеру,
629,21.09.19,45,Д4,25,Отдано покупателю,
630,22.09.19,51,Д5,52,Отдано покупателю,
631,23.09.19,60,Д9,28,Поступило дилеру,
632,24.09.19,49,Д4,48,Отдано покупателю,
633,25.09.19,27,Д6,31,Поступило дилеру,
634,26.09.19,27,Д11,24,Поступило дилеру,
635,27.09.19,20,Д4,7,Поступило дилеру,
636,28.09.19,8,Д6,31,Отдано покупателю,
637,29.09.19,18,Д2,34,Отдано покупателю,
638,30.09.19,26,Д8,44,Поступило дилеру,
639,01.10.19,3,Д8,26,Поступило дилеру,
640,02.10.19,5,Д2,53,Отдано покупателю,
641,03.10.19,3,Д10,53,Отдано покупателю,
642,04.10.19,6,Д12,56,Отдано покупателю,
643,05.10.19,36,Д11,31,Поступило дилеру,
644,06.10.19,23,Д11,19,Отдано покупателю,
645,07.10.19,25,Д16,26,Поступило дилеру,
646,08.10.19,45,Д4,49,Отдано покупателю,
647,09.10.19,39,Д11,16,Отдано покупателю,
648,10.10.19,54,Д14,41,Отдано покупателю,
649,11.10.19,18,Д5,43,Отдано покупателю,
650,12.10.19,45,Д11,6,Отдано покупателю,
651,13.10.19,7,Д14,59,Отдано покупателю,
652,14.10.19,38,Д15,28,Отдано покупателю,
653,15.10.19,40,Д9,45,Поступило дилеру,
654,16.10.19,45,Д11,4,Поступило дилеру,
655,17.10.19,1,Д10,29,Отдано покупателю,
656,18.10.19,40,Д14,13,Отдано покупателю,
657,19.10.19,17,Д5,43,Поступило дилеру,
658,20.10.19,31,Д5,27,Отдано покупателю,
659,21.10.19,48,Д2,18,Отдано покупателю,
660,22.10.19,8,Д3,58,Отдано покупателю,
661,23.10.19,51,Д1,37,Поступило дилеру,
662,24.10.19,61,Д6,15,Отдано покупателю,
663,25.10.19,30,Д3,36,Поступило дилеру,
664,26.10.19,12,Д3,53,Поступило дилеру,
665,27.10.19,50,Д10,10,Отдано покупателю,
666,28.10.19,13,Д11,51,Поступило дилеру,
667,29.10.19,63,Д13,8,Поступило дилеру,
668,30.10.19,59,Д5,7,Поступило дилеру,
669,31.10.19,1,Д15,11,Поступило дилеру,
670,01.11.19,13,Д2,3,Поступило дилеру,
671,02.11.19,9,Д16,24,Отдано покупателю,
672,03.11.19,39,Д16,27,Поступило дилеру,
673,04.11.19,12,Д4,34,Поступило дилеру,
674,05.11.19,25,Д2,28,Поступило дилеру,
675,06.11.19,63,Д4,11,Поступило дилеру,
676,07.11.19,31,Д6,31,Отдано покупателю,
677,08.11.19,15,Д6,7,Поступило дилеру,
678,09.11.19,8,Д3,1,Отдано покупателю,
679,10.11.19,42,Д1,17,Отдано покупателю,
680,11.11.19,39,Д9,2,Поступило дилеру,
681,12.11.19,32,Д14,15,Отдано покупателю,
682,13.11.19,60,Д2,39,Поступило дилеру,
683,14.11.19,3,Д15,10,Отдано покупателю,
684,15.11.19,4,Д15,22,Отдано покупателю,
685,16.11.19,42,Д12,2,Поступило дилеру,
686,17.11.19,18,Д6,50,Поступило дилеру,
687,18.11.19,16,Д10,45,Отдано покупателю,
688,19.11.19,25,Д1,60,Поступило дилеру,
689,20.11.19,18,Д14,20,Поступило дилеру,
690,21.11.19,13,Д8,27,Отдано покупателю,
691,22.11.19,54,Д3,4,Поступило дилеру,
692,23.11.19,41,Д12,27,Поступило дилеру,
693,24.11.19,50,Д15,37,Поступило дилеру,
694,25.11.19,52,Д5,44,Отдано покупателю,
695,26.11.19,20,Д7,33,Поступило дилеру,
696,27.11.19,28,Д16,49,Отдано покупателю,
697,28.11.19,30,Д6,25,Отдано покупателю,
698,29.11.19,5,Д1,3,Поступило дилеру,
699,30.11.19,28,Д3,9,Поступило дилеру,
700,01.12.19,18,Д1,49,Поступило дилеру,
701,02.12.19,2,Д3,51,Отдано покупателю,
702,03.12.19,56,Д5,34,Отдано покупателю,
703,04.12.19,35,Д6,16,Поступило дилеру,
704,05.12.19,60,Д8,5,Отдано покупателю,
705,06.12.19,36,Д14,5,Поступило дилеру,
706,07.12.19,60,Д4,59,Отдано покупателю,
707,08.12.19,45,Д15,53,Отдано покупателю,
708,09.12.19,53,Д14,47,Поступило дилеру,
709,10.12.19,28,Д4,29,Поступило дилеру,
710,11.12.19,59,Д15,60,Отдано покупателю,
711,12.12.19,20,Д14,1,Отдано покупателю,
712,13.12.19,17,Д2,11,Поступило дилеру,
713,14.12.19,43,Д7,4,Отдано покупателю,
714,15.12.19,17,Д13,25,Поступило дилеру,
715,16.12.19,10,Д15,39,Отдано покупателю,
716,17.12.19,34,Д4,26,Поступило дилеру,
717,18.12.19,44,Д6,6,Отдано покупателю,
718,19.12.19,47,Д1,28,Поступило дилеру,
719,20.12.19,58,Д11,36,Поступило дилеру,
720,21.12.19,15,Д16,37,Поступило дилеру,
721,22.12.19,18,Д6,56,Поступило дилеру,
722,23.12.19,55,Д9,2,Отдано покупателю,
723,24.12.19,35,Д3,1,Отдано покупателю,
724,25.12.19,31,Д1,21,Отдано покупателю,
725,26.12.19,11,Д16,47,Отдано покупателю,
726,27.12.19,45,Д8,48,Отдано покупателю,
727,28.12.19,63,Д13,44,Поступило дилеру,
728,29.12.19,57,Д1,31,Отдано покупателю,
729,30.12.19,9,Д8,60,Поступило дилеру,
730,31.12.19,53,Д11,47,Отдано покупателю,
731,01.01.20,1,Д8,2,Поступило дилеру,
732,02.01.20,53,Д2,30,Отдано покупателю,
733,03.01.20,64,Д14,48,Поступило дилеру,
734,04.01.20,47,Д7,29,Поступило дилеру,
735,05.01.20,62,Д11,55,Поступило дилеру,
736,06.01.20,24,Д5,52,Поступило дилеру,
737,07.01.20,33,Д16,3,Отдано покупателю,
738,08.01.20,25,Д11,50,Поступило дилеру,
739,09.01.20,10,Д11,9,Поступило дилеру,
740,10.01.20,58,Д15,2,Поступило дилеру,
741,11.01.20,15,Д5,17,Поступило дилеру,
742,12.01.20,40,Д2,53,Отдано покупателю,
743,13.01.20,56,Д4,10,Поступило дилеру,
744,14.01.20,57,Д6,45,Поступило дилеру,
745,15.01.20,63,Д1,42,Поступило дилеру,
746,16.01.20,29,Д1,41,Отдано покупателю,
747,17.01.20,32,Д13,30,Отдано покупателю,
748,18.01.20,48,Д11,30,Отдано покупателю,
749,19.01.20,40,Д10,19,Поступило дилеру,
750,20.01.20,1,Д3,32,Поступило дилеру,
751,21.01.20,31,Д11,27,Отдано покупателю,
752,22.01.20,55,Д5,14,Поступило дилеру,
753,23.01.20,15,Д6,40,Поступило дилеру,
754,24.01.20,4,Д7,36,Поступило дилеру,
755,25.01.20,22,Д1,43,Поступило дилеру,
756,26.01.20,50,Д16,34,Отдано покупателю,
757,27.01.20,18,Д16,49,Отдано покупателю,
758,28.01.20,48,Д7,32,Поступило дилеру,
759,29.01.20,60,Д1,28,Поступило дилеру,
760,30.01.20,44,Д13,29,Отдано покупателю,
761,31.01.20,48,Д1,54,Отдано покупателю,
762,01.02.20,46,Д10,57,Поступило дилеру,
763,02.02.20,1,Д3,50,Поступило дилеру,
764,03.02.20,30,Д12,7,Поступило дилеру,
765,04.02.20,42,Д15,2,Поступило дилеру,
766,05.02.20,27,Д7,2,Поступило дилеру,
767,06.02.20,4,Д10,2,Поступило дилеру,
768,07.02.20,49,Д4,5,Поступило дилеру,
769,08.02.20,5,Д8,11,Поступило дилеру,
770,09.02.20,18,Д11,25,Поступило дилеру,
771,10.02.20,56,Д8,5,Отдано покупателю,
772,11.02.20,24,Д12,3,Поступило дилеру,
773,12.02.20,14,Д16,6,Отдано покупателю,
774,13.02.20,36,Д11,16,Поступило дилеру,
775,14.02.20,64,Д16,47,Поступило дилеру,
776,15.02.20,45,Д3,3,Поступило дилеру,
777,16.02.20,9,Д14,3,Отдано покупателю,
778,17.02.20,3,Д13,54,Поступило дилеру,
779,18.02.20,9,Д5,15,Отдано покупателю,
780,19.02.20,32,Д9,15,Поступило дилеру,
781,20.02.20,30,Д2,24,Отдано покупателю,
782,21.02.20,21,Д14,24,Поступило дилеру,
783,22.02.20,21,Д10,37,Поступило дилеру,
784,23.02.20,47,Д6,48,Поступило дилеру,
785,24.02.20,50,Д7,58,Поступило дилеру,
786,25.02.20,16,Д12,29,Поступило дилеру,
787,26.02.20,49,Д11,31,Поступило дилеру,
788,27.02.20,18,Д14,33,Поступило дилеру,
789,28.02.20,5,Д8,48,Отдано покупателю,
790,29.02.20,60,Д16,47,Поступило дилеру,
791,01.03.20,51,Д2,23,Поступило дилеру,
792,02.03.20,42,Д6,4,Поступило дилеру,
793,03.03.20,54,Д6,33,Отдано покупателю,
794,04.03.20,54,Д4,36,Отдано покупателю,
795,05.03.20,8,Д3,41,Поступило дилеру,
796,06.03.20,20,Д11,23,Поступило дилеру,
797,07.03.20,39,Д11,26,Отдано покупателю,
798,08.03.20,53,Д5,41,Поступило дилеру,
799,09.03.20,22,Д7,39,Отдано покупателю,
800,10.03.20,53,Д6,38,Поступило дилеру,
801,11.03.20,49,Д10,55,Поступило дилеру,
802,12.03.20,44,Д5,56,Поступило дилеру,
803,13.03.20,49,Д9,49,Поступило дилеру,
804,14.03.20,53,Д8,21,Отдано покупателю,
805,15.03.20,17,Д16,13,Поступило дилеру,
806,16.03.20,3,Д1,35,Поступило дилеру,
807,17.03.20,7,Д8,3,Поступило дилеру,
808,18.03.20,2,Д14,39,Поступило дилеру,
809,19.03.20,13,Д1,32,Поступило дилеру,
810,20.03.20,41,Д16,25,Поступило дилеру,
811,21.03.20,1,Д8,45,Поступило дилеру,
812,22.03.20,36,Д1,60,Отдано покупателю,
813,23.03.20,36,Д4,24,Поступило дилеру,
814,24.03.20,36,Д6,49,Отдано покупателю,
815,25.03.20,22,Д15,37,Поступило дилеру,
816,26.03.20,31,Д15,43,Отдано покупателю,
817,27.03.20,38,Д5,14,Поступило дилеру,
818,28.03.20,55,Д6,8,Поступило дилеру,
819,29.03.20,23,Д11,54,Поступило дилеру,
820,30.03.20,27,Д14,45,Поступило дилеру,
821,31.03.20,6,Д8,1,Поступило дилеру,
822,01.04.20,60,Д3,4,Отдано покупателю,
823,02.04.20,25,Д12,32,Поступило дилеру,
824,03.04.20,6,Д14,27,Поступило дилеру,
825,04.04.20,60,Д6,46,Отдано покупателю,
826,05.04.20,33,Д7,14,Отдано покупателю,
827,06.04.20,51,Д4,10,Поступило дилеру,
828,07.04.20,12,Д8,19,Отдано покупателю,
829,08.04.20,2,Д9,12,Поступило дилеру,
830,09.04.20,11,Д13,30,Отдано покупателю,
831,10.04.20,39,Д14,52,Поступило дилеру,
832,11.04.20,3,Д5,48,Поступило дилеру,
833,12.04.20,40,Д13,13,Отдано покупателю,
834,13.04.20,52,Д16,45,Поступило дилеру,
835,14.04.20,55,Д16,1,Отдано покупателю,
836,15.04.20,46,Д16,49,Поступило дилеру,
837,16.04.20,39,Д14,6,Поступило дилеру,
838,17.04.20,27,Д3,15,Поступило дилеру,
839,18.04.20,5,Д2,23,Поступило дилеру,
840,19.04.20,17,Д1,25,Поступило дилеру,
841,20.04.20,61,Д13,31,Отдано покупателю,
842,21.04.20,29,Д12,27,Поступило дилеру,
843,22.04.20,23,Д3,28,Поступило дилеру,
844,23.04.20,57,Д10,23,Отдано покупателю,
845,24.04.20,63,Д12,28,Поступило дилеру,
846,25.04.20,6,Д5,26,Отдано покупателю,
847,26.04.20,16,Д14,55,Поступило дилеру,
848,27.04.20,62,Д16,33,Отдано покупателю,
849,28.04.20,47,Д14,33,Отдано покупателю,
850,29.04.20,52,Д8,30,Отдано покупателю,
851,30.04.20,19,Д6,14,Отдано покупателю,
852,01.05.20,52,Д10,14,Поступило дилеру,
853,02.05.20,9,Д7,43,Поступило дилеру,
854,03.05.20,12,Д10,35,Отдано покупателю,
855,04.05.20,2,Д4,29,Отдано покупателю,
856,05.05.20,48,Д16,36,Поступило дилеру,
857,06.05.20,22,Д5,54,Отдано покупателю,
858,07.05.20,48,Д9,37,Отдано покупателю,
859,08.05.20,33,Д11,24,Поступило дилеру,
860,09.05.20,27,Д6,28,Поступило дилеру,
861,10.05.20,3,Д6,56,Поступило дилеру,
862,11.05.20,2,Д8,19,Отдано покупателю,
863,12.05.20,49,Д7,47,Поступило дилеру,
864,13.05.20,11,Д11,48,Поступило дилеру,
865,14.05.20,40,Д1,13,Отдано покупателю,
866,15.05.20,55,Д13,58,Поступило дилеру,
867,16.05.20,63,Д3,36,Поступило дилеру,
868,17.05.20,39,Д4,33,Отдано покупателю,
869,18.05.20,54,Д12,30,Отдано покупателю,
870,19.05.20,36,Д1,36,Поступило дилеру,
871,20.05.20,58,Д2,51,Поступило дилеру,
872,21.05.20,1,Д8,7,Поступило дилеру,
873,22.05.20,7,Д1,12,Поступило дилеру,
874,23.05.20,33,Д10,51,Поступило дилеру,
875,24.05.20,30,Д16,3,Отдано покупателю,
876,25.05.20,24,Д3,40,Поступило дилеру,
877,26.05.20,9,Д9,39,Поступило дилеру,
878,27.05.20,62,Д15,23,Отдано покупателю,
879,28.05.20,41,Д7,41,Отдано покупателю,
880,29.05.20,41,Д16,23,Отдано покупателю,
881,30.05.20,22,Д16,19,Отдано покупателю,
882,31.05.20,9,Д14,17,Поступило дилеру,
883,01.06.20,40,Д2,7,Поступило дилеру,
884,02.06.20,38,Д10,3,Поступило дилеру,
885,03.06.20,28,Д14,52,Поступило дилеру,
886,04.06.20,20,Д16,11,Поступило дилеру,
887,05.06.20,52,Д4,16,Отдано покупателю,
888,06.06.20,52,Д8,20,Поступило дилеру,
889,07.06.20,35,Д16,45,Поступило дилеру,
890,08.06.20,22,Д14,60,Поступило дилеру,
891,09.06.20,16,Д5,10,Поступило дилеру,
892,10.06.20,40,Д8,18,Отдано покупателю,
893,11.06.20,20,Д8,54,Отдано покупателю,
894,12.06.20,37,Д1,28,Отдано покупателю,
895,13.06.20,58,Д4,8,Поступило дилеру,
896,14.06.20,29,Д16,17,Поступило дилеру,
897,15.06.20,34,Д7,26,Отдано покупателю,
898,16.06.20,17,Д7,41,Поступило дилеру,
899,17.06.20,50,Д10,18,Поступило дилеру,
900,18.06.20,62,Д3,55,Поступило дилеру,
901,19.06.20,30,Д13,53,Поступило дилеру,
902,20.06.20,55,Д3,24,Поступило дилеру,
903,21.06.20,8,Д6,52,Отдано покупателю,
904,22.06.20,10,Д2,55,Отдано покупателю,
905,23.06.20,50,Д6,6,Отдано покупателю,
906,24.06.20,5,Д8,5,Поступило дилеру,
907,25.06.20,57,Д1,1,Отдано покупателю,
908,26.06.20,33,Д16,20,Поступило дилеру,
909,27.06.20,32,Д8,41,Отдано покупателю,
910,28.06.20,13,Д15,34,Отдано покупателю,
911,29.06.20,14,Д5,12,Отдано покупателю,
912,30.06.20,61,Д8,21,Отдано покупателю,
913,01.07.20,44,Д8,55,Отдано покупателю,
914,02.07.20,9,Д10,59,Поступило дилеру,
915,03.07.20,34,Д10,29,Поступило дилеру,
916,04.07.20,46,Д14,4,Поступило дилеру,
917,05.07.20,21,Д11,32,Отдано покупателю,
918,06.07.20,3,Д11,8,Отдано покупателю,
919,07.07.20,5,Д3,43,Поступило дилеру,
920,08.07.20,34,Д16,28,Поступило дилеру,
921,09.07.20,41,Д2,20,Поступило дилеру,
922,10.07.20,7,Д11,12,Поступило дилеру,
923,11.07.20,11,Д8,20,Поступило дилеру,
924,12.07.20,18,Д16,59,Поступило дилеру,
925,13.07.20,29,Д14,3,Отдано покупателю,
926,14.07.20,63,Д12,25,Отдано покупателю,
927,15.07.20,13,Д8,57,Поступило дилеру,
928,16.07.20,17,Д14,5,Отдано покупателю,
929,17.07.20,49,Д3,20,Поступило дилеру,
930,18.07.20,11,Д12,48,Поступило дилеру,
931,19.07.20,14,Д11,34,Поступило дилеру,
932,20.07.20,3,Д14,8,Отдано покупателю,
933,21.07.20,36,Д9,35,Поступило дилеру,
934,22.07.20,42,Д1,56,Поступило дилеру,
935,23.07.20,18,Д7,44,Поступило дилеру,
936,24.07.20,59,Д14,55,Поступило дилеру,
937,25.07.20,15,Д15,52,Отдано покупателю,
938,26.07.20,36,Д11,57,Поступило дилеру,
939,27.07.20,34,Д14,1,Поступило дилеру,
940,28.07.20,47,Д14,47,Отдано покупателю,
941,29.07.20,41,Д7,42,Поступило дилеру,
942,30.07.20,48,Д9,44,Поступило дилеру,
943,31.07.20,33,Д4,28,Отдано покупателю,
944,01.08.20,27,Д1,35,Отдано покупателю,
945,02.08.20,16,Д7,33,Поступило дилеру,
946,03.08.20,39,Д10,40,Поступило дилеру,
947,04.08.20,50,Д16,2,Отдано покупателю,
948,05.08.20,12,Д13,52,Поступило дилеру,
949,06.08.20,5,Д16,52,Поступило дилеру,
950,07.08.20,44,Д3,50,Отдано покупателю,
951,08.08.20,51,Д11,36,Поступило дилеру,
952,09.08.20,2,Д11,41,Поступило дилеру,
953,10.08.20,14,Д8,56,Поступило дилеру,
954,11.08.20,59,Д10,41,Поступило дилеру,
955,12.08.20,5,Д6,57,Отдано покупателю,
956,13.08.20,25,Д4,55,Отдано покупателю,
957,14.08.20,52,Д9,9,Поступило дилеру,
958,15.08.20,58,Д13,24,Отдано покупателю,
959,16.08.20,11,Д14,12,Поступило дилеру,
960,17.08.20,8,Д2,52,Отдано покупателю,
961,18.08.20,49,Д2,17,Отдано покупателю,
962,19.08.20,10,Д1,43,Отдано покупателю,
963,20.08.20,4,Д10,1,Отдано покупателю,
964,21.08.20,5,Д1,47,Поступило дилеру,
965,22.08.20,55,Д13,23,Поступило дилеру,
966,23.08.20,43,Д10,27,Поступило дилеру,
967,24.08.20,56,Д10,13,Поступило дилеру,
968,25.08.20,61,Д15,52,Поступило дилеру,
969,26.08.20,32,Д11,25,Отдано покупателю,
970,27.08.20,57,Д5,4,Поступило дилеру,
971,28.08.20,16,Д15,4,Отдано покупателю,
972,29.08.20,31,Д12,48,Поступило дилеру,
973,30.08.20,11,Д6,26,Поступило дилеру,
974,31.08.20,48,Д16,13,Отдано покупателю,
975,01.09.20,1,Д11,6,Отдано покупателю,
976,02.09.20,24,Д10,4,Отдано покупателю,
977,03.09.20,20,Д15,29,Отдано покупателю,
978,04.09.20,64,Д5,23,Поступило дилеру,
979,05.09.20,31,Д14,47,Поступило дилеру,
980,06.09.20,18,Д15,19,Поступило дилеру,
981,07.09.20,57,Д7,46,Отдано покупателю,
982,08.09.20,40,Д8,1,Поступило дилеру,
983,09.09.20,61,Д11,32,Отдано покупателю,
984,10.09.20,56,Д16,14,Отдано покупателю,
985,11.09.20,33,Д7,18,Поступило дилеру,
986,12.09.20,29,Д4,47,Отдано покупателю,
987,13.09.20,64,Д6,3,Отдано покупателю,
988,14.09.20,39,Д4,15,Поступило дилеру,
989,15.09.20,45,Д6,1,Поступило дилеру,
990,16.09.20,11,Д10,38,Поступило дилеру,
991,17.09.20,6,Д12,6,Поступило дилеру,
992,18.09.20,27,Д11,51,Поступило дилеру,
993,19.09.20,2,Д10,46,Отдано покупателю,
994,20.09.20,10,Д2,32,Поступило дилеру,
995,21.09.20,9,Д5,45,Поступило дилеру,
996,22.09.20,22,Д11,15,Поступило дилеру,
997,23.09.20,22,Д12,8,Отдано покупателю,
998,24.09.20,44,Д12,31,Поступило дилеру,
999,25.09.20,37,Д16,58,Отдано покупателю,
1000,26.09.20,1,Д8,48,Поступило дилеру,
1001,27.09.20,30,Д11,15,Отдано покупателю,
1002,28.09.20,6,Д7,9,Отдано покупателю,
1003,29.09.20,25,Д4,44,Отдано покупателю,
1004,30.09.20,21,Д9,16,Отдано покупателю,
1005,01.10.20,53,Д3,46,Поступило дилеру,
1006,02.10.20,40,Д5,37,Отдано покупателю,
1007,03.10.20,38,Д13,43,Отдано покупателю,
1008,04.10.20,41,Д9,48,Поступило дилеру,
1009,05.10.20,7,Д7,27,Поступило дилеру,
1010,06.10.20,32,Д3,56,Поступило дилеру,
1011,07.10.20,36,Д4,32,Отдано покупателю,
1012,08.10.20,40,Д14,5,Отдано покупателю,
1013,09.10.20,47,Д3,36,Отдано покупателю,
1014,10.10.20,26,Д4,57,Отдано покупателю,
1015,11.10.20,17,Д12,25,Отдано покупателю,
1016,12.10.20,9,Д14,51,Отдано покупателю,
1017,13.10.20,23,Д8,31,Поступило дилеру,
1018,14.10.20,31,Д10,9,Поступило дилеру,
1019,15.10.20,30,Д4,36,Поступило дилеру,
1020,16.10.20,51,Д5,52,Отдано покупателю,
1021,17.10.20,34,Д16,11,Поступило дилеру,
1022,18.10.20,40,Д4,29,Поступило дилеру,
1023,19.10.20,16,Д14,26,Поступило дилеру,
1024,20.10.20,32,Д15,3,Поступило дилеру,
1025,21.10.20,29,Д1,23,Отдано покупателю,
1026,22.10.20,32,Д9,47,Поступило дилеру,
1027,23.10.20,4,Д1,7,Поступило дилеру,
1028,24.10.20,45,Д5,43,Поступило дилеру,
1029,25.10.20,58,Д2,13,Отдано покупателю,
1030,26.10.20,34,Д9,10,Поступило дилеру,
1031,27.10.20,13,Д13,55,Поступило дилеру,
1032,28.10.20,23,Д10,20,Отдано покупателю,
1033,29.10.20,25,Д16,57,Поступило дилеру,
1034,30.10.20,12,Д11,49,Поступило дилеру,
1035,31.10.20,14,Д6,30,Отдано покупателю,
1036,01.11.20,2,Д1,11,Поступило дилеру,
1037,02.11.20,12,Д8,44,Поступило дилеру,
1038,03.11.20,20,Д8,39,Поступило дилеру,
1039,04.11.20,38,Д4,55,Отдано покупателю,
1040,05.11.20,41,Д2,22,Поступило дилеру,
1041,06.11.20,45,Д8,50,Отдано покупателю,
1042,07.11.20,3,Д11,1,Поступило дилеру,
1043,08.11.20,14,Д16,21,Поступило дилеру,
1044,09.11.20,32,Д5,16,Поступило дилеру,
1045,10.11.20,28,Д4,38,Поступило дилеру,
1046,11.11.20,21,Д14,8,Отдано покупателю,
1047,12.11.20,37,Д16,13,Поступило дилеру,
1048,13.11.20,16,Д12,36,Поступило дилеру,
1049,14.11.20,31,Д14,27,Отдано покупателю,
1050,15.11.20,41,Д4,41,Отдано покупателю,
1051,16.11.20,30,Д11,41,Поступило дилеру,
1052,17.11.20,34,Д7,30,Поступило дилеру,
1053,18.11.20,12,Д7,10,Поступило дилеру,
1054,19.11.20,22,Д10,58,Отдано покупателю,
1055,20.11.20,53,Д14,59,Поступило дилеру,
1056,21.11.20,57,Д15,39,Отдано покупателю,
1057,22.11.20,53,Д7,7,Поступило дилеру,
1058,23.11.20,5,Д9,41,Поступило дилеру,
1059,24.11.20,60,Д13,23,Поступило дилеру,
1060,25.11.20,9,Д4,55,Отдано покупателю,
1061,26.11.20,57,Д14,60,Отдано покупателю,
1062,27.11.20,16,Д7,49,Поступило дилеру,
1063,28.11.20,37,Д9,42,Поступило дилеру,
1064,29.11.20,33,Д12,50,Отдано покупателю,
1065,30.11.20,61,Д11,39,Поступило дилеру,
1066,01.12.20,39,Д3,11,Поступило дилеру,
1067,02.12.20,7,Д14,10,Отдано покупателю,
1068,03.12.20,9,Д15,15,Поступило дилеру,
1069,04.12.20,30,Д2,13,Поступило дилеру,
1070,05.12.20,42,Д7,23,Отдано покупателю,
1071,06.12.20,10,Д5,23,Поступило дилеру,
1072,07.12.20,38,Д16,34,Отдано покупателю,
1073,08.12.20,1,Д7,43,Поступило дилеру,
1074,09.12.20,62,Д11,22,Отдано покупателю,
1075,10.12.20,21,Д14,15,Отдано покупателю,
1076,11.12.20,53,Д9,21,Отдано покупателю,
1077,12.12.20,18,Д15,39,Отдано покупателю,
1078,13.12.20,28,Д9,23,Отдано покупателю,
1079,14.12.20,48,Д1,4,Поступило дилеру,
1080,15.12.20,54,Д16,33,Отдано покупателю,
1081,16.12.20,3,Д3,60,Отдано покупателю,
1082,17.12.20,45,Д12,8,Поступило дилеру,
1083,18.12.20,40,Д15,20,Отдано покупателю,
1084,19.12.20,52,Д16,18,Отдано покупателю,
1085,20.12.20,50,Д10,27,Поступило дилеру,
1086,21.12.20,38,Д2,51,Отдано покупателю,
1087,22.12.20,14,Д14,51,Поступило дилеру,
1088,23.12.20,34,Д3,3,Отдано покупателю,
1089,24.12.20,35,Д14,26,Поступило дилеру,
1090,25.12.20,43,Д14,58,Поступило дилеру,
1091,26.12.20,59,Д5,18,Поступило дилеру,
1092,27.12.20,30,Д12,39,Отдано покупателю,
1093,28.12.20,24,Д12,14,Поступило дилеру,
1094,29.12.20,1,Д1,50,Поступило дилеру,
1095,30.12.20,48,Д12,15,Отдано покупателю,
1096,31.12.20,24,Д12,1,Отдано покупателю,
1097,01.01.21,14,Д1,36,Поступило дилеру,
1098,02.01.21,18,Д3,4,Отдано покупателю,
1099,03.01.21,45,Д4,16,Поступило дилеру,
1100,04.01.21,29,Д14,49,Отдано покупателю,
1101,05.01.21,23,Д9,5,Отдано покупателю,
1102,06.01.21,60,Д2,10,Поступило дилеру,
1103,07.01.21,18,Д7,46,Поступило дилеру,
1104,08.01.21,59,Д15,37,Поступило дилеру,
1105,09.01.21,49,Д4,35,Поступило дилеру,
1106,10.01.21,27,Д1,34,Поступило дилеру,
1107,11.01.21,22,Д10,26,Поступило дилеру,
1108,12.01.21,11,Д16,44,Поступило дилеру,
1109,13.01.21,40,Д9,40,Поступило дилеру,
1110,14.01.21,26,Д8,59,Отдано покупателю,
1111,15.01.21,1,Д7,6,Поступило дилеру,
1112,16.01.21,9,Д16,32,Поступило дилеру,
1113,17.01.21,61,Д5,22,Поступило дилеру,
1114,18.01.21,16,Д9,41,Поступило дилеру,
1115,19.01.21,27,Д7,42,Отдано покупателю,
1116,20.01.21,18,Д3,11,Поступило дилеру,
1117,21.01.21,4,Д1,9,Отдано покупателю,
1118,22.01.21,64,Д4,30,Отдано покупателю,
1119,23.01.21,53,Д11,1,Поступило дилеру,
1120,24.01.21,14,Д10,60,Поступило дилеру,
1121,25.01.21,14,Д16,3,Поступило дилеру,
1122,26.01.21,42,Д1,55,Отдано покупателю,
1123,27.01.21,26,Д12,46,Поступило дилеру,
1124,28.01.21,33,Д9,45,Отдано покупателю,
1125,29.01.21,60,Д2,42,Поступило дилеру,
1126,30.01.21,60,Д4,38,Поступило дилеру,
1127,31.01.21,9,Д6,25,Поступило дилеру,
1128,01.02.21,47,Д5,41,Поступило дилеру,
1129,02.02.21,46,Д8,17,Поступило дилеру,
1130,03.02.21,4,Д14,4,Поступило дилеру,
1131,04.02.21,60,Д13,37,Отдано покупателю,
1132,05.02.21,50,Д3,57,Поступило дилеру,
1133,06.02.21,34,Д6,6,Поступило дилеру,
1134,07.02.21,11,Д1,18,Поступило дилеру,
1135,08.02.21,31,Д16,19,Отдано покупателю,
1136,09.02.21,3,Д5,44,Отдано покупателю,
1137,10.02.21,53,Д8,21,Отдано покупателю,
1138,11.02.21,56,Д14,26,Поступило дилеру,
1139,12.02.21,54,Д5,13,Поступило дилеру,
1140,13.02.21,50,Д14,44,Отдано покупателю,
1141,14.02.21,39,Д3,46,Поступило дилеру,
1142,15.02.21,40,Д4,23,Отдано покупателю,
1143,16.02.21,39,Д10,9,Поступило дилеру,
1144,17.02.21,33,Д1,7,Поступило дилеру,
1145,18.02.21,1,Д14,15,Отдано покупателю,
1146,19.02.21,35,Д5,32,Поступило дилеру,
1147,20.02.21,4,Д3,4,Поступило дилеру,
1148,21.02.21,12,Д1,12,Отдано покупателю,
1149,22.02.21,35,Д3,58,Поступило дилеру,
1150,23.02.21,62,Д5,19,Отдано покупателю,
1151,24.02.21,10,Д7,59,Поступило дилеру,
1152,25.02.21,26,Д4,19,Поступило дилеру,
1153,26.02.21,47,Д1,7,Поступило дилеру,
1154,27.02.21,55,Д14,29,Поступило дилеру,
1155,28.02.21,24,Д2,40,Отдано покупателю,
1156,01.03.21,23,Д8,37,Поступило дилеру,
1157,02.03.21,49,Д1,24,Поступило дилеру,
1158,03.03.21,28,Д2,53,Отдано покупателю,
1159,04.03.21,31,Д9,45,Поступило дилеру,
1160,05.03.21,22,Д13,6,Поступило дилеру,
1161,06.03.21,28,Д1,19,Поступило дилеру,
1162,07.03.21,15,Д11,34,Поступило дилеру,
1163,08.03.21,14,Д13,6,Поступило дилеру,
1164,09.03.21,57,Д15,3,Отдано покупателю,
1165,10.03.21,26,Д15,30,Отдано покупателю,
1166,11.03.21,9,Д2,47,Поступило дилеру,
1167,12.03.21,33,Д7,39,Поступило дилеру,
1168,13.03.21,20,Д7,14,Отдано покупателю,
1169,14.03.21,13,Д4,6,Поступило дилеру,
1170,15.03.21,55,Д6,10,Отдано покупателю,
1171,16.03.21,47,Д5,11,Поступило дилеру,
1172,17.03.21,28,Д12,1,Отдано покупателю,
1173,18.03.21,12,Д11,35,Поступило дилеру,
1174,19.03.21,13,Д12,4,Отдано покупателю,
1175,20.03.21,24,Д2,56,Поступило дилеру,
1176,21.03.21,44,Д1,58,Отдано покупателю,
1177,22.03.21,53,Д16,9,Поступило дилеру,
1178,23.03.21,14,Д7,57,Отдано покупателю,
1179,24.03.21,30,Д6,31,Поступило дилеру,
1180,25.03.21,4,Д7,24,Поступило дилеру,
1181,26.03.21,53,Д13,32,Отдано покупателю,
1182,27.03.21,59,Д16,29,Отдано покупателю,
1183,28.03.21,7,Д8,53,Поступило дилеру,
1184,29.03.21,27,Д8,18,Отдано покупателю,
1185,30.03.21,20,Д13,37,Отдано покупателю,
1186,31.03.21,31,Д1,7,Поступило дилеру,
1187,01.04.21,28,Д14,56,Отдано покупателю,
1188,02.04.21,25,Д8,37,Поступило дилеру,
1189,03.04.21,61,Д10,52,Отдано покупателю,
1190,04.04.21,12,Д7,12,Поступило дилеру,
1191,05.04.21,28,Д9,47,Отдано покупателю,
1192,06.04.21,4,Д2,59,Отдано покупателю,
1193,07.04.21,37,Д3,58,Поступило дилеру,
1194,08.04.21,33,Д6,46,Поступило дилеру,
1195,09.04.21,19,Д1,25,Поступило дилеру,
1196,10.04.21,10,Д14,27,Отдано покупателю,
1197,11.04.21,48,Д9,49,Поступило дилеру,
1198,12.04.21,63,Д13,39,Поступило дилеру,
1199,13.04.21,7,Д13,2,Поступило дилеру,
1200,14.04.21,14,Д8,46,Поступило дилеру,
1201,15.04.21,3,Д11,52,Поступило дилеру,
1202,16.04.21,62,Д9,25,Поступило дилеру,
1203,17.04.21,34,Д5,11,Поступило дилеру,
1204,18.04.21,4,Д7,12,Отдано покупателю,
1205,19.04.21,36,Д10,30,Отдано покупателю,
1206,20.04.21,3,Д5,54,Отдано покупателю,
1207,21.04.21,29,Д16,18,Отдано покупателю,
1208,22.04.21,28,Д8,56,Поступило дилеру,
1209,23.04.21,18,Д14,57,Поступило дилеру,
1210,24.04.21,18,Д5,37,Отдано покупателю,
1211,25.04.21,11,Д6,19,Поступило дилеру,
1212,26.04.21,20,Д8,55,Отдано покупателю,
1213,27.04.21,39,Д3,39,Поступило дилеру,
1214,28.04.21,55,Д11,29,Отдано покупателю,
1215,29.04.21,63,Д15,14,Поступило дилеру,
1216,30.04.21,18,Д13,9,Поступило дилеру,
1217,01.05.21,43,Д3,54,Отдано покупателю,
1218,02.05.21,52,Д5,24,Поступило дилеру,
1219,03.05.21,53,Д15,33,Поступило дилеру,
1220,04.05.21,14,Д1,55,Поступило дилеру,
1221,05.05.21,43,Д12,49,Поступило дилеру,
1222,06.05.21,42,Д7,26,Поступило дилеру,
1223,07.05.21,49,Д4,15,Отдано покупателю,
1224,08.05.21,35,Д10,7,Отдано покупателю,
1225,09.05.21,26,Д4,43,Отдано покупателю,
1226,10.05.21,54,Д12,59,Отдано покупателю,
1227,11.05.21,1,Д4,49,Отдано покупателю,
1228,12.05.21,3,Д16,50,Поступило дилеру,
1229,13.05.21,32,Д9,2,Поступило дилеру,
1230,14.05.21,36,Д3,51,Поступило дилеру,
1231,15.05.21,17,Д1,15,Поступило дилеру,
1232,16.05.21,10,Д8,52,Поступило дилеру,
1233,17.05.21,44,Д9,30,Отдано покупателю,
1234,18.05.21,21,Д11,58,Поступило дилеру,
1235,19.05.21,12,Д11,46,Отдано покупателю,
1236,20.05.21,49,Д3,11,Поступило дилеру,
1237,21.05.21,17,Д4,43,Поступило дилеру,
1238,22.05.21,64,Д7,23,Поступило дилеру,
1239,23.05.21,11,Д9,39,Поступило дилеру,
1240,24.05.21,3,Д9,18,Поступило дилеру,
1241,25.05.21,28,Д12,19,Поступило дилеру,
1242,26.05.21,35,Д3,59,Отдано покупателю,
1243,27.05.21,21,Д5,37,Отдано покупателю,
1244,28.05.21,51,Д13,18,Поступило дилеру,
1245,29.05.21,30,Д5,16,Отдано покупателю,
1246,30.05.21,45,Д1,45,Поступило дилеру,
1247,31.05.21,16,Д14,21,Поступило дилеру,
1248,01.06.21,30,Д2,8,Поступило дилеру,
1249,02.06.21,64,Д14,12,Поступило дилеру,
1250,03.06.21,55,Д7,51,Отдано покупателю,
1251,04.06.21,50,Д9,32,Поступило дилеру,
1252,05.06.21,17,Д10,6,Поступило дилеру,
1253,06.06.21,25,Д15,30,Отдано покупателю,
1254,07.06.21,16,Д6,60,Поступило дилеру,
1255,08.06.21,61,Д10,4,Поступило дилеру,
1256,09.06.21,15,Д5,19,Поступило дилеру,
1257,10.06.21,33,Д7,38,Поступило дилеру,
1258,11.06.21,56,Д11,14,Отдано покупателю,
1259,12.06.21,22,Д8,7,Поступило дилеру,
1260,13.06.21,36,Д16,50,Поступило дилеру,
1261,14.06.21,27,Д1,21,Отдано покупателю,
1262,15.06.21,20,Д2,52,Поступило дилеру,
1263,16.06.21,3,Д13,1,Отдано покупателю,
1264,17.06.21,10,Д1,24,Поступило дилеру,
1265,18.06.21,33,Д10,47,Поступило дилеру,
1266,19.06.21,39,Д2,33,Поступило дилеру,
1267,20.06.21,53,Д6,59,Отдано покупателю,
1268,21.06.21,50,Д8,53,Поступило дилеру,
1269,22.06.21,57,Д8,1,Поступило дилеру,
1270,23.06.21,45,Д11,1,Поступило дилеру,
1271,24.06.21,38,Д13,40,Отдано покупателю,
1272,25.06.21,41,Д7,58,Поступило дилеру,
1273,26.06.21,3,Д3,31,Поступило дилеру,
1274,27.06.21,45,Д7,33,Отдано покупателю,
1275,28.06.21,64,Д7,7,Поступило дилеру,
1276,29.06.21,16,Д7,30,Поступило дилеру,
1277,30.06.21,19,Д2,60,Отдано покупателю,
1278,01.07.21,53,Д13,57,Отдано покупателю,
1279,02.07.21,64,Д6,24,Поступило дилеру,
1280,03.07.21,22,Д3,48,Поступило дилеру,
1281,04.07.21,11,Д4,33,Поступило дилеру,
1282,05.07.21,21,Д14,5,Поступило дилеру,
1283,06.07.21,46,Д10,19,Отдано покупателю,
1284,07.07.21,53,Д11,29,Поступило дилеру,
1285,08.07.21,37,Д5,19,Поступило дилеру,
1286,09.07.21,40,Д6,37,Поступило дилеру,
1287,10.07.21,11,Д14,10,Поступило дилеру,
1288,11.07.21,34,Д14,8,Поступило дилеру,
1289,12.07.21,57,Д3,12,Поступило дилеру,
1290,13.07.21,20,Д9,45,Отдано покупателю,
1291,14.07.21,11,Д9,25,Отдано покупателю,
1292,15.07.21,9,Д14,34,Поступило дилеру,
1293,16.07.21,5,Д14,53,Поступило дилеру,
1294,17.07.21,32,Д10,10,Поступило дилеру,
1295,18.07.21,26,Д4,9,Отдано покупателю,
1296,19.07.21,51,Д4,23,Поступило дилеру,
1297,20.07.21,46,Д7,32,Поступило дилеру,
1298,21.07.21,60,Д15,17,Поступило дилеру,
1299,22.07.21,58,Д3,22,Отдано покупателю,
1300,23.07.21,19,Д4,2,Отдано покупателю,
1301,24.07.21,45,Д7,33,Поступило дилеру,
1302,25.07.21,6,Д12,19,Поступило дилеру,
1303,26.07.21,57,Д12,25,Поступило дилеру,
1304,27.07.21,54,Д12,14,Отдано покупателю,
1305,28.07.21,14,Д13,24,Поступило дилеру,
1306,29.07.21,30,Д8,26,Поступило дилеру,
1307,30.07.21,31,Д6,10,Поступило дилеру,
1308,31.07.21,50,Д15,1,Поступило дилеру,
1309,01.08.21,8,Д15,25,Отдано покупателю,
1310,02.08.21,54,Д4,54,Поступило дилеру,
1311,03.08.21,22,Д5,8,Отдано покупателю,
1312,04.08.21,4,Д6,33,Поступило дилеру,
1313,05.08.21,46,Д3,52,Отдано покупателю,
1314,06.08.21,30,Д8,50,Отдано покупателю,
1315,07.08.21,24,Д5,14,Поступило дилеру,
1316,08.08.21,35,Д1,39,Отдано покупателю,
1317,09.08.21,52,Д13,54,Поступило дилеру,
1318,10.08.21,39,Д7,5,Поступило дилеру,
1319,11.08.21,3,Д3,55,Поступило дилеру,
1320,12.08.21,44,Д13,2,Отдано покупателю,
1321,13.08.21,51,Д4,18,Поступило дилеру,
1322,14.08.21,56,Д10,58,Поступило дилеру,
1323,15.08.21,42,Д15,12,Поступило дилеру,
1324,16.08.21,38,Д2,49,Поступило дилеру,
1325,17.08.21,51,Д12,40,Поступило дилеру,
1326,18.08.21,36,Д14,51,Поступило дилеру,
1327,19.08.21,6,Д12,59,Поступило дилеру,
1328,20.08.21,27,Д3,44,Поступило дилеру,
1329,21.08.21,41,Д15,49,Отдано покупателю,
1330,22.08.21,44,Д12,44,Поступило дилеру,
1331,23.08.21,10,Д2,12,Отдано покупателю,
1332,24.08.21,29,Д2,30,Поступило дилеру,
1333,25.08.21,22,Д1,5,Отдано покупателю,
1334,26.08.21,39,Д8,51,Поступило дилеру,
1335,27.08.21,19,Д11,22,Отдано покупателю,
1336,28.08.21,46,Д5,52,Отдано покупателю,
1337,29.08.21,26,Д10,12,Отдано покупателю,
1338,30.08.21,49,Д10,39,Поступило дилеру,
1339,31.08.21,38,Д3,32,Поступило дилеру,
1340,01.09.21,51,Д5,22,Поступило дилеру,
1341,02.09.21,13,Д5,32,Отдано покупателю,
1342,03.09.21,30,Д6,30,Отдано покупателю,
1343,04.09.21,24,Д8,39,Поступило дилеру,
1344,05.09.21,24,Д16,36,Поступило дилеру,
1345,06.09.21,15,Д14,23,Поступило дилеру,
1346,07.09.21,47,Д3,56,Поступило дилеру,
1347,08.09.21,48,Д5,4,Поступило дилеру,
1348,09.09.21,49,Д7,38,Отдано покупателю,
1349,10.09.21,37,Д1,33,Отдано покупателю,
1350,11.09.21,17,Д15,50,Поступило дилеру,
1351,12.09.21,56,Д8,14,Поступило дилеру,
1352,13.09.21,1,Д10,50,Поступило дилеру,
1353,14.09.21,22,Д12,12,Отдано покупателю,
1354,15.09.21,37,Д11,35,Поступило дилеру,
1355,16.09.21,35,Д2,16,Поступило дилеру,
1356,17.09.21,35,Д9,5,Поступило дилеру,
1357,18.09.21,31,Д10,42,Поступило дилеру,
1358,19.09.21,61,Д12,31,Поступило дилеру,
1359,20.09.21,64,Д4,5,Поступило дилеру,
1360,21.09.21,16,Д12,58,Поступило дилеру,
1361,22.09.21,29,Д13,24,Поступило дилеру,
1362,23.09.21,46,Д3,28,Поступило дилеру,
1363,24.09.21,51,Д7,33,Отдано покупателю,
1364,25.09.21,6,Д12,22,Поступило дилеру,
1365,26.09.21,4,Д5,2,Поступило дилеру,
1366,27.09.21,4,Д13,12,Поступило дилеру,
1367,28.09.21,38,Д14,15,Отдано покупателю,
1368,29.09.21,31,Д3,7,Отдано покупателю,
1369,30.09.21,17,Д4,60,Поступило дилеру,
1370,01.10.21,8,Д9,51,Отдано покупателю,
1371,02.10.21,54,Д13,44,Поступило дилеру,
1372,03.10.21,24,Д14,49,Поступило дилеру,
1373,04.10.21,41,Д5,50,Отдано покупателю,
1374,05.10.21,7,Д1,9,Поступило дилеру,
1375,06.10.21,21,Д3,32,Отдано покупателю,
1376,07.10.21,30,Д1,14,Поступило дилеру,
1377,08.10.21,8,Д7,8,Поступило дилеру,
1378,09.10.21,43,Д14,15,Отдано покупателю,
1379,10.10.21,59,Д10,10,Отдано покупателю,
1380,11.10.21,53,Д1,28,Поступило дилеру,
1381,12.10.21,15,Д2,3,Отдано покупателю,
1382,13.10.21,33,Д8,3,Поступило дилеру,
1383,14.10.21,56,Д2,39,Поступило дилеру,
1384,15.10.21,28,Д5,26,Поступило дилеру,
1385,16.10.21,57,Д6,56,Поступило дилеру,
1386,17.10.21,36,Д3,27,Отдано покупателю,
1387,18.10.21,21,Д5,32,Поступило дилеру,
1388,19.10.21,51,Д10,45,Отдано покупателю,
1389,20.10.21,42,Д5,5,Отдано покупателю,
1390,21.10.21,43,Д7,52,Поступило дилеру,
1391,22.10.21,57,Д7,13,Поступило дилеру,
1392,23.10.21,51,Д15,50,Отдано покупателю,
1393,24.10.21,18,Д12,10,Поступило дилеру,
1394,25.10.21,27,Д9,23,Поступило дилеру,
1395,26.10.21,59,Д12,53,Поступило дилеру,
1396,27.10.21,47,Д9,35,Отдано покупателю,
1397,28.10.21,13,Д14,55,Отдано покупателю,
1398,29.10.21,23,Д16,2,Отдано покупателю,
1399,30.10.21,14,Д14,36,Отдано покупателю,
1400,31.10.21,34,Д11,9,Поступило дилеру,
1401,01.11.21,6,Д4,25,Отдано покупателю,
1402,02.11.21,12,Д6,15,Отдано покупателю,
1403,03.11.21,10,Д15,37,Отдано покупателю,
1404,04.11.21,5,Д5,46,Отдано покупателю,
1405,05.11.21,16,Д6,37,Отдано покупателю,
1406,06.11.21,48,Д3,28,Отдано покупателю,
1407,07.11.21,52,Д8,32,Поступило дилеру,
1408,08.11.21,31,Д2,44,Отдано покупателю,
1409,09.11.21,39,Д12,7,Поступило дилеру,
1410,10.11.21,59,Д12,58,Поступило дилеру,
1411,11.11.21,41,Д14,20,Отдано покупателю,
1412,12.11.21,16,Д9,18,Поступило дилеру,
1413,13.11.21,54,Д1,6,Отдано покупателю,
1414,14.11.21,12,Д16,1,Отдано покупателю,
1415,15.11.21,38,Д3,9,Поступило дилеру,
1416,16.11.21,17,Д2,50,Отдано покупателю,
1417,17.11.21,42,Д13,31,Отдано покупателю,
1418,18.11.21,33,Д4,28,Отдано покупателю,
1419,19.11.21,57,Д7,38,Поступило дилеру,
1420,20.11.21,52,Д10,57,Отдано покупателю,
1421,21.11.21,54,Д5,21,Поступило дилеру,
1422,22.11.21,33,Д15,13,Отдано покупателю,
1423,23.11.21,2,Д14,26,Поступило дилеру,
1424,24.11.21,1,Д5,19,Отдано покупателю,
1425,25.11.21,26,Д2,44,Поступило дилеру,
1426,26.11.21,13,Д6,7,Поступило дилеру,
1427,27.11.21,6,Д12,49,Отдано покупателю,
1428,28.11.21,30,Д15,14,Поступило дилеру,
1429,29.11.21,56,Д4,51,Отдано покупателю,
1430,30.11.21,59,Д8,15,Поступило дилеру,
1431,01.12.21,39,Д7,45,Отдано покупателю,
1432,02.12.21,50,Д1,19,Поступило дилеру,
1433,03.12.21,55,Д4,27,Отдано покупателю,
1434,04.12.21,61,Д12,45,Поступило дилеру,
1435,05.12.21,42,Д1,5,Поступило дилеру,
1436,06.12.21,63,Д9,12,Поступило дилеру,
1437,07.12.21,45,Д7,46,Поступило дилеру,
1438,08.12.21,60,Д1,48,Поступило дилеру,
1439,09.12.21,59,Д1,49,Поступило дилеру,
1440,10.12.21,9,Д7,5,Поступило дилеру,
1441,11.12.21,18,Д1,47,Отдано покупателю,
1442,12.12.21,2,Д14,17,Поступило дилеру,
1443,13.12.21,37,Д12,29,Поступило дилеру,
1444,14.12.21,44,Д12,12,Отдано покупателю,
1445,15.12.21,27,Д15,34,Поступило дилеру,
1446,16.12.21,21,Д9,43,Поступило дилеру,
1447,17.12.21,6,Д14,5,Поступило дилеру,
1448,18.12.21,26,Д1,43,Отдано покупателю,
1449,19.12.21,29,Д2,40,Поступило дилеру,
1450,20.12.21,56,Д3,46,Поступило дилеру,
1451,21.12.21,3,Д4,21,Отдано покупателю,
1452,22.12.21,49,Д4,12,Отдано покупателю,
1453,23.12.21,54,Д4,3,Поступило дилеру,
1454,24.12.21,58,Д9,56,Поступило дилеру,
1455,25.12.21,23,Д11,11,Отдано покупателю,
1456,26.12.21,53,Д16,32,Отдано покупателю,
1457,27.12.21,27,Д16,37,Поступило дилеру,
1458,28.12.21,22,Д8,6,Поступило дилеру,
1459,29.12.21,7,Д15,48,Отдано покупателю,
1460,30.12.21,15,Д6,31,Поступило дилеру,
1461,31.12.21,17,Д7,25,Отдано покупателю,
1462,01.01.22,42,Д6,23,Поступило дилеру,
1463,02.01.22,23,Д8,37,Поступило дилеру,
1464,03.01.22,12,Д15,33,Отдано покупателю,
1465,04.01.22,16,Д14,18,Отдано покупателю,
1466,05.01.22,23,Д12,2,Поступило дилеру,
1467,06.01.22,34,Д9,23,Отдано покупателю,
1468,07.01.22,55,Д10,44,Поступило дилеру,
1469,08.01.22,51,Д3,18,Поступило дилеру,
1470,09.01.22,2,Д10,24,Поступило дилеру,
1471,10.01.22,10,Д10,29,Поступило дилеру,
1472,11.01.22,23,Д13,25,Поступило дилеру,
1473,12.01.22,4,Д4,47,Отдано покупателю,
1474,13.01.22,49,Д10,11,Поступило дилеру,
1475,14.01.22,50,Д12,46,Отдано покупателю,
1476,15.01.22,34,Д11,25,Поступило дилеру,
1477,16.01.22,41,Д13,43,Отдано покупателю,
1478,17.01.22,57,Д12,57,Отдано покупателю,
1479,18.01.22,45,Д8,14,Поступило дилеру,
1480,19.01.22,18,Д12,19,Поступило дилеру,
1481,20.01.22,23,Д12,6,Отдано покупателю,
1482,21.01.22,34,Д2,58,Поступило дилеру,
1483,22.01.22,50,Д14,33,Поступило дилеру,
1484,23.01.22,11,Д15,37,Поступило дилеру,
1485,24.01.22,32,Д8,29,Отдано покупателю,
1486,25.01.22,11,Д14,38,Поступило дилеру,
1487,26.01.22,60,Д6,39,Поступило дилеру,
1488,27.01.22,46,Д9,17,Поступило дилеру,
1489,28.01.22,58,Д5,8,Поступило дилеру,
1490,29.01.22,41,Д9,33,Поступило дилеру,
1491,30.01.22,31,Д10,40,Поступило дилеру,
1492,31.01.22,3,Д10,60,Отдано покупателю,
1493,01.02.22,23,Д7,25,Поступило дилеру,
1494,02.02.22,26,Д3,35,Отдано покупателю,
1495,03.02.22,49,Д5,20,Поступило дилеру,
1496,04.02.22,59,Д7,10,Отдано покупателю,
1497,05.02.22,38,Д6,32,Поступило дилеру,
1498,06.02.22,24,Д9,46,Поступило дилеру,
1499,07.02.22,37,Д9,37,Отдано покупателю,
1500,08.02.22,9,Д10,57,Отдано покупателю,
1501,09.02.22,48,Д14,8,Поступило дилеру,
1502,10.02.22,60,Д8,19,Отдано покупателю,
1503,11.02.22,40,Д12,14,Поступило дилеру,
1504,12.02.22,17,Д4,25,Поступило дилеру,
1505,13.02.22,24,Д7,31,Отдано покупателю,
1506,14.02.22,11,Д16,48,Поступило дилеру,
1507,15.02.22,61,Д2,48,Поступило дилеру,
1508,16.02.22,63,Д2,4,Отдано покупателю,
1509,17.02.22,13,Д11,18,Отдано покупателю,
1510,18.02.22,1,Д5,12,Отдано покупателю,
1511,19.02.22,5,Д8,15,Отдано покупателю,
1512,20.02.22,20,Д12,47,Отдано покупателю,
1513,21.02.22,51,Д2,13,Отдано покупателю,
1514,22.02.22,34,Д7,16,Поступило дилеру,
1515,23.02.22,56,Д7,5,Отдано покупателю,
1516,24.02.22,56,Д2,5,Поступило дилеру,
1517,25.02.22,56,Д15,54,Отдано покупателю,
1518,26.02.22,34,Д4,19,Поступило дилеру,
1519,27.02.22,41,Д7,7,Отдано покупателю,
1520,28.02.22,30,Д14,49,Отдано покупателю,
1521,01.03.22,39,Д10,4,Отдано покупателю,
1522,02.03.22,33,Д10,30,Поступило дилеру,
1523,03.03.22,11,Д11,4,Поступило дилеру,
1524,04.03.22,20,Д15,43,Отдано покупателю,
1525,05.03.22,46,Д3,26,Поступило дилеру,
1526,06.03.22,48,Д6,30,Поступило дилеру,
1527,07.03.22,38,Д2,59,Отдано покупателю,
1528,08.03.22,5,Д5,48,Поступило дилеру,
1529,09.03.22,29,Д2,6,Поступило дилеру,
1530,10.03.22,35,Д1,17,Отдано покупателю,
1531,11.03.22,27,Д5,11,Отдано покупателю,
1532,12.03.22,10,Д11,23,Отдано покупателю,
1533,13.03.22,47,Д3,38,Отдано покупателю,
1534,14.03.22,33,Д11,36,Отдано покупателю,
1535,15.03.22,53,Д12,10,Отдано покупателю,
1536,16.03.22,46,Д15,13,Поступило дилеру,
1537,17.03.22,38,Д15,59,Отдано покупателю,
1538,18.03.22,41,Д6,52,Отдано покупателю,
1539,19.03.22,30,Д8,7,Поступило дилеру,
1540,20.03.22,6,Д4,26,Поступило дилеру,
1541,21.03.22,9,Д5,52,Поступило дилеру,
1542,22.03.22,48,Д12,5,Поступило дилеру,
1543,23.03.22,12,Д7,2,Отдано покупателю,
1544,24.03.22,21,Д1,37,Отдано покупателю,
1545,25.03.22,5,Д14,17,Отдано покупателю,
1546,26.03.22,19,Д10,24,Поступило дилеру,
1547,27.03.22,39,Д7,20,Поступило дилеру,
1548,28.03.22,61,Д1,17,Поступило дилеру,
1549,29.03.22,7,Д11,53,Отдано покупателю,
1550,30.03.22,23,Д7,53,Отдано покупателю,
1551,31.03.22,52,Д8,59,Отдано покупателю,
1552,01.04.22,63,Д8,44,Отдано покупателю,
1553,02.04.22,21,Д4,44,Поступило дилеру,
1554,03.04.22,36,Д5,37,Поступило дилеру,
1555,04.04.22,7,Д8,35,Отдано покупателю,
1556,05.04.22,62,Д13,37,Поступило дилеру,
1557,06.04.22,22,Д5,38,Поступило дилеру,
1558,07.04.22,5,Д1,55,Поступило дилеру,
1559,08.04.22,4,Д2,55,Отдано покупателю,
1560,09.04.22,34,Д16,60,Отдано покупателю,
1561,10.04.22,33,Д14,8,Отдано покупателю,
1562,11.04.22,36,Д16,51,Отдано покупателю,
1563,12.04.22,21,Д2,35,Отдано покупателю,
1564,13.04.22,23,Д14,32,Поступило дилеру,
1565,14.04.22,21,Д9,45,Поступило дилеру,
1566,15.04.22,28,Д6,1,Поступило дилеру,
1567,16.04.22,5,Д16,15,Отдано покупателю,
1568,17.04.22,63,Д1,16,Поступило дилеру,
1569,18.04.22,26,Д11,26,Поступило дилеру,
1570,19.04.22,40,Д15,24,Отдано покупателю,
1571,20.04.22,24,Д3,6,Отдано покупателю,
1572,21.04.22,14,Д10,52,Отдано покупателю,
1573,22.04.22,7,Д12,58,Поступило дилеру,
1574,23.04.22,50,Д14,51,Поступило дилеру,
1575,24.04.22,58,Д3,49,Отдано покупателю,
1576,25.04.22,54,Д9,6,Поступило дилеру,
1577,26.04.22,33,Д13,58,Отдано покупателю,
1578,27.04.22,24,Д3,6,Поступило дилеру,
1579,28.04.22,48,Д5,30,Отдано покупателю,
1580,29.04.22,3,Д16,11,Поступило дилеру,
1581,30.04.22,18,Д6,50,Отдано покупателю,
1582,01.05.22,58,Д1,45,Поступило дилеру,
1583,02.05.22,32,Д10,54,Поступило дилеру,
1584,03.05.22,26,Д11,7,Отдано покупателю,
1585,04.05.22,40,Д14,19,Поступило дилеру,
1586,05.05.22,64,Д2,46,Поступило дилеру,
1587,06.05.22,43,Д7,53,Поступило дилеру,
1588,07.05.22,12,Д1,11,Отдано покупателю,
1589,08.05.22,56,Д13,38,Поступило дилеру,
1590,09.05.22,53,Д6,18,Отдано покупателю,
1591,10.05.22,47,Д7,44,Поступило дилеру,
1592,11.05.22,28,Д14,31,Отдано покупателю,
1593,12.05.22,17,Д5,7,Поступило дилеру,
1594,13.05.22,39,Д14,29,Поступило дилеру,
1595,14.05.22,16,Д7,27,Отдано покупателю,
1596,15.05.22,32,Д9,52,Отдано покупателю,
1597,16.05.22,63,Д14,55,Отдано покупателю,
1598,17.05.22,63,Д14,20,Поступило дилеру,
1599,18.05.22,47,Д9,19,Отдано покупателю,
1600,19.05.22,46,Д2,16,Отдано покупателю,
1601,20.05.22,21,Д12,20,Поступило дилеру,
1602,21.05.22,26,Д8,2,Отдано покупателю,
1603,22.05.22,62,Д2,36,Отдано покупателю,
1604,23.05.22,5,Д3,21,Поступило дилеру,
1605,24.05.22,60,Д7,52,Отдано покупателю,
1606,25.05.22,12,Д5,41,Поступило дилеру,
1607,26.05.22,22,Д7,58,Поступило дилеру,
1608,27.05.22,52,Д15,29,Отдано покупателю,
1609,28.05.22,8,Д2,55,Отдано покупателю,
1610,29.05.22,8,Д4,3,Отдано покупателю,
1611,30.05.22,11,Д16,38,Отдано покупателю,
1612,31.05.22,17,Д10,57,Поступило дилеру,
1613,01.06.22,61,Д5,51,Поступило дилеру,
1614,02.06.22,16,Д6,15,Поступило дилеру,
1615,03.06.22,23,Д8,41,Отдано покупателю,
1616,04.06.22,24,Д13,42,Поступило дилеру,
1617,05.06.22,30,Д11,7,Отдано покупателю,
1618,06.06.22,43,Д12,60,Отдано покупателю,
1619,07.06.22,8,Д13,15,Поступило дилеру,
1620,08.06.22,38,Д12,49,Поступило дилеру,
1621,09.06.22,62,Д14,18,Отдано покупателю,
1622,10.06.22,49,Д4,47,Поступило дилеру,
1623,11.06.22,29,Д7,60,Поступило дилеру,
1624,12.06.22,26,Д13,53,Отдано покупателю,
1625,13.06.22,23,Д6,40,Поступило дилеру,
1626,14.06.22,15,Д8,16,Поступило дилеру,
1627,15.06.22,32,Д8,51,Отдано покупателю,
1628,16.06.22,63,Д4,59,Отдано покупателю,
1629,17.06.22,14,Д8,17,Отдано покупателю,
1630,18.06.22,49,Д1,43,Отдано покупателю,
1631,19.06.22,57,Д6,23,Поступило дилеру,
1632,20.06.22,62,Д11,39,Поступило дилеру,
1633,21.06.22,63,Д1,37,Отдано покупателю,
1634,22.06.22,39,Д4,5,Поступило дилеру,
1635,23.06.22,60,Д6,56,Поступило дилеру,
1636,24.06.22,16,Д11,43,Поступило дилеру,
1637,25.06.22,7,Д3,34,Отдано покупателю,
1638,26.06.22,36,Д15,9,Поступило дилеру,
1639,27.06.22,29,Д9,1,Поступило дилеру,
1640,28.06.22,1,Д15,43,Отдано покупателю,
1641,29.06.22,5,Д6,6,Отдано покупателю,
1642,30.06.22,54,Д12,55,Отдано покупателю,
1643,01.07.22,60,Д4,15,Поступило дилеру,
1644,02.07.22,21,Д13,19,Отдано покупателю,
1645,03.07.22,26,Д11,52,Поступило дилеру,
1646,04.07.22,23,Д9,44,Отдано покупателю,
1647,05.07.22,12,Д16,18,Поступило дилеру,
1648,06.07.22,21,Д9,56,Отдано покупателю,
1649,07.07.22,42,Д6,57,Поступило дилеру,
1650,08.07.22,40,Д12,10,Отдано покупателю,
1651,09.07.22,26,Д16,51,Поступило дилеру,
1652,10.07.22,2,Д11,58,Поступило дилеру,
1653,11.07.22,15,Д16,42,Отдано покупателю,
1654,12.07.22,24,Д8,49,Поступило дилеру,
1655,13.07.22,19,Д8,52,Поступило дилеру,
1656,14.07.22,14,Д9,4,Поступило дилеру,
1657,15.07.22,28,Д9,23,Поступило дилеру,
1658,16.07.22,6,Д8,46,Поступило дилеру,
1659,17.07.22,18,Д9,30,Поступило дилеру,
1660,18.07.22,28,Д2,34,Поступило дилеру,
1661,19.07.22,15,Д2,14,Отдано покупателю,
1662,20.07.22,40,Д7,45,Поступило дилеру,
1663,21.07.22,48,Д12,31,Поступило дилеру,
1664,22.07.22,18,Д2,23,Поступило дилеру,
1665,23.07.22,61,Д15,46,Поступило дилеру,
1666,24.07.22,55,Д1,48,Отдано покупателю,
1667,25.07.22,57,Д13,48,Поступило дилеру,
1668,26.07.22,9,Д3,57,Поступило дилеру,
1669,27.07.22,64,Д1,12,Отдано покупателю,
1670,28.07.22,7,Д3,25,Поступило дилеру,
1671,29.07.22,63,Д7,5,Поступило дилеру,
1672,30.07.22,23,Д12,53,Поступило дилеру,
1673,31.07.22,38,Д2,8,Поступило дилеру,
1674,01.08.22,47,Д15,26,Отдано покупателю,
1675,02.08.22,5,Д7,42,Поступило дилеру,
1676,03.08.22,32,Д15,23,Поступило дилеру,
1677,04.08.22,41,Д10,1,Отдано покупателю,
1678,05.08.22,53,Д13,7,Отдано покупателю,
1679,06.08.22,4,Д14,36,Отдано покупателю,
1680,07.08.22,15,Д14,34,Отдано покупателю,
1681,08.08.22,49,Д7,40,Отдано покупателю,
1682,09.08.22,23,Д1,53,Отдано покупателю,
1683,10.08.22,14,Д10,34,Поступило дилеру,
1684,11.08.22,34,Д11,23,Поступило дилеру,
1685,12.08.22,26,Д15,16,Поступило дилеру,
1686,13.08.22,29,Д16,33,Отдано покупателю,
1687,14.08.22,31,Д8,55,Поступило дилеру,
1688,15.08.22,36,Д8,60,Отдано покупателю,
1689,16.08.22,42,Д4,16,Поступило дилеру,
1690,17.08.22,48,Д4,24,Отдано покупателю,
1691,18.08.22,5,Д10,41,Поступило дилеру,
1692,19.08.22,31,Д15,44,Поступило дилеру,
1693,20.08.22,53,Д4,10,Поступило дилеру,
1694,21.08.22,29,Д4,32,Отдано покупателю,
1695,22.08.22,57,Д16,60,Поступило дилеру,
1696,23.08.22,49,Д2,31,Поступило дилеру,
1697,24.08.22,37,Д13,47,Отдано покупателю,
1698,25.08.22,63,Д5,33,Отдано покупателю,
1699,26.08.22,1,Д1,19,Поступило дилеру,
1700,27.08.22,19,Д4,24,Поступило дилеру,
1701,28.08.22,39,Д7,16,Поступило дилеру,
1702,29.08.22,55,Д16,12,Поступило дилеру,
1703,30.08.22,57,Д9,21,Отдано покупателю,
1704,31.08.22,29,Д11,34,Поступило дилеру,
1705,01.09.22,27,Д9,13,Поступило дилеру,
1706,02.09.22,25,Д1,53,Поступило дилеру,
1707,03.09.22,36,Д5,16,Поступило дилеру,
1708,04.09.22,61,Д6,13,Отдано покупателю,
1709,05.09.22,27,Д14,2,Отдано покупателю,
1710,06.09.22,14,Д8,18,Поступило дилеру,
1711,07.09.22,1,Д1,1,Поступило дилеру,
1712,08.09.22,17,Д15,32,Поступило дилеру,
1713,09.09.22,43,Д1,51,Поступило дилеру,
1714,10.09.22,59,Д12,21,Отдано покупателю,
1715,11.09.22,38,Д11,56,Поступило дилеру,
1716,12.09.22,53,Д11,34,Отдано покупателю,
1717,13.09.22,10,Д10,53,Отдано покупателю,
1718,14.09.22,59,Д12,33,Поступило дилеру,
1719,15.09.22,9,Д4,7,Отдано покупателю,
1720,16.09.22,57,Д1,46,Отдано покупателю,
1721,17.09.22,10,Д3,49,Поступило дилеру,
1722,18.09.22,12,Д4,23,Поступило дилеру,
1723,19.09.22,39,Д16,20,Поступило дилеру,
1724,20.09.22,11,Д8,17,Поступило дилеру,
1725,21.09.22,27,Д5,11,Поступило дилеру,
1726,22.09.22,29,Д3,31,Поступило дилеру,
1727,23.09.22,62,Д8,4,Поступило дилеру,
1728,24.09.22,47,Д14,43,Отдано покупателю,
1729,25.09.22,10,Д10,60,Отдано покупателю,
1730,26.09.22,43,Д11,27,Отдано покупателю,
1731,27.09.22,5,Д14,42,Поступило дилеру,
1732,28.09.22,40,Д2,51,Поступило дилеру,
1733,29.09.22,54,Д8,25,Отдано покупателю,
1734,30.09.22,51,Д10,44,Поступило дилеру,
1735,01.10.22,20,Д16,12,Поступило дилеру,
1736,02.10.22,40,Д10,46,Отдано покупателю,
1737,03.10.22,25,Д12,52,Отдано покупателю,
1738,04.10.22,16,Д14,26,Отдано покупателю,
1739,05.10.22,14,Д9,45,Поступило дилеру,
1740,06.10.22,62,Д5,36,Отдано покупателю,
1741,07.10.22,54,Д15,45,Поступило дилеру,
1742,08.10.22,48,Д13,10,Поступило дилеру,
1743,09.10.22,29,Д9,32,Поступило дилеру,
1744,10.10.22,26,Д8,49,Поступило дилеру,
1745,11.10.22,33,Д11,60,Поступило дилеру,
1746,12.10.22,8,Д6,37,Отдано покупателю,
1747,13.10.22,7,Д13,32,Отдано покупателю,
1748,14.10.22,39,Д12,25,Поступило дилеру,
1749,15.10.22,58,Д12,4,Отдано покупателю,
1750,16.10.22,43,Д15,16,Отдано покупателю,
1751,17.10.22,62,Д6,60,Поступило дилеру,
1752,18.10.22,12,Д2,59,Отдано покупателю,
1753,19.10.22,41,Д4,52,Поступило дилеру,
1754,20.10.22,16,Д14,5,Поступило дилеру,
1755,21.10.22,25,Д5,31,Поступило дилеру,
1756,22.10.22,28,Д2,58,Поступило дилеру,
1757,23.10.22,33,Д5,34,Поступило дилеру,
1758,24.10.22,9,Д15,46,Отдано покупателю,
1759,25.10.22,20,Д9,16,Поступило дилеру,
1760,26.10.22,62,Д16,9,Поступило дилеру,
1761,27.10.22,2,Д5,34,Отдано покупателю,
1762,28.10.22,53,Д2,50,Отдано покупателю,
1763,29.10.22,12,Д13,48,Поступило дилеру,
1764,30.10.22,4,Д13,23,Отдано покупателю,
1765,31.10.22,6,Д15,15,Поступило дилеру,
1766,01.11.22,5,Д10,28,Поступило дилеру,
1767,02.11.22,60,Д4,12,Поступило дилеру,
1768,03.11.22,51,Д6,50,Поступило дилеру,
1769,04.11.22,29,Д16,34,Отдано покупателю,
1770,05.11.22,25,Д2,42,Отдано покупателю,
1771,06.11.22,25,Д7,25,Отдано покупателю,
1772,07.11.22,51,Д11,20,Поступило дилеру,
1773,08.11.22,49,Д4,9,Отдано покупателю,
1774,09.11.22,21,Д1,15,Поступило дилеру,
1775,10.11.22,18,Д2,51,Отдано покупателю,
1776,11.11.22,17,Д3,46,Поступило дилеру,
1777,12.11.22,62,Д13,9,Поступило дилеру,
1778,13.11.22,43,Д3,38,Отдано покупателю,
1779,14.11.22,29,Д2,15,Поступило дилеру,
1780,15.11.22,7,Д11,33,Поступило дилеру,
1781,16.11.22,7,Д2,12,Поступило дилеру,
1782,17.11.22,59,Д6,33,Поступило дилеру,
1783,18.11.22,45,Д2,28,Поступило дилеру,
1784,19.11.22,29,Д8,37,Отдано покупателю,
1785,20.11.22,19,Д14,19,Поступило дилеру,
1786,21.11.22,48,Д16,10,Отдано покупателю,
1787,22.11.22,29,Д5,30,Отдано покупателю,
1788,23.11.22,58,Д6,41,Поступило дилеру,
1789,24.11.22,48,Д8,5,Поступило дилеру,
1790,25.11.22,10,Д10,20,Поступило дилеру,
1791,26.11.22,28,Д4,9,Отдано покупателю,
1792,27.11.22,53,Д12,48,Отдано покупателю,
1793,28.11.22,19,Д13,16,Поступило дилеру,
1794,29.11.22,9,Д10,22,Поступило дилеру,
1795,30.11.22,46,Д14,35,Поступило дилеру,
1796,01.12.22,18,Д13,24,Поступило дилеру,
1797,02.12.22,39,Д14,33,Поступило дилеру,
1798,03.12.22,33,Д9,31,Поступило дилеру,
1799,04.12.22,57,Д2,32,Поступило дилеру,
1800,05.12.22,60,Д1,34,Поступило дилеру,
1801,06.12.22,58,Д14,42,Отдано покупателю,
1802,07.12.22,34,Д15,37,Поступило дилеру,
1803,08.12.22,43,Д5,26,Поступило дилеру,
1804,09.12.22,3,Д13,29,Отдано покупателю,
1805,10.12.22,18,Д6,24,Поступило дилеру,
1806,11.12.22,33,Д1,23,Поступило дилеру,
1807,12.12.22,36,Д13,55,Поступило дилеру,
1808,13.12.22,9,Д8,32,Отдано покупателю,
1809,14.12.22,64,Д6,29,Отдано покупателю,
1810,15.12.22,8,Д7,58,Отдано покупателю,
1811,16.12.22,51,Д15,26,Поступило дилеру,
1812,17.12.22,33,Д16,52,Поступило дилеру,
1813,18.12.22,64,Д4,46,Отдано покупателю,
1814,19.12.22,35,Д10,60,Поступило дилеру,
1815,20.12.22,13,Д3,23,Отдано покупателю,
1816,21.12.22,33,Д3,35,Отдано покупателю,
1817,22.12.22,32,Д5,50,Поступило дилеру,
1818,23.12.22,18,Д16,36,Поступило дилеру,
1819,24.12.22,3,Д15,26,Поступило дилеру,
1820,25.12.22,41,Д2,4,Отдано покупателю,
1821,26.12.22,9,Д1,59,Отдано покупателю,
1822,27.12.22,37,Д6,16,Поступило дилеру,
1823,28.12.22,50,Д9,33,Поступило дилеру,
1824,29.12.22,46,Д12,52,Поступило дилеру,
1825,30.12.22,41,Д4,35,Отдано покупателю,
1826,31.12.22,36,Д8,22,Поступило дилеру,
